timestamp,namespace,pod,container,cpu(n),memory(Ki)
2025-04-11T04:36:35Z,linkerd,linkerd-destination-6f94bbc784-2ghb8,destination,1178882n,24340Ki
2025-04-11T04:36:35Z,linkerd,linkerd-destination-6f94bbc784-2ghb8,policy,327321n,4940Ki
2025-04-11T04:36:35Z,linkerd,linkerd-destination-6f94bbc784-2ghb8,linkerd-proxy,701303n,14324Ki
2025-04-11T04:36:35Z,linkerd,linkerd-destination-6f94bbc784-2ghb8,sp-validator,131039n,20280Ki
2025-04-11T04:36:35Z,linkerd,linkerd-identity-7dfb4f8788-28w6h,identity,252597n,17480Ki
2025-04-11T04:36:35Z,linkerd,linkerd-identity-7dfb4f8788-28w6h,linkerd-proxy,433598n,11860Ki
2025-04-11T04:36:35Z,linkerd,linkerd-proxy-injector-77db5c45cc-r44n7,proxy-injector,170179n,24924Ki
2025-04-11T04:36:35Z,linkerd,linkerd-proxy-injector-77db5c45cc-r44n7,linkerd-proxy,361343n,11776Ki
2025-04-11T04:36:36Z,linkerd,linkerd-destination-6f94bbc784-2ghb8,destination,1178882n,24340Ki
2025-04-11T04:36:36Z,linkerd,linkerd-destination-6f94bbc784-2ghb8,policy,327321n,4940Ki
2025-04-11T04:36:36Z,linkerd,linkerd-destination-6f94bbc784-2ghb8,linkerd-proxy,701303n,14324Ki
2025-04-11T04:36:36Z,linkerd,linkerd-destination-6f94bbc784-2ghb8,sp-validator,131039n,20280Ki
2025-04-11T04:36:36Z,linkerd,linkerd-identity-7dfb4f8788-28w6h,identity,252597n,17480Ki
2025-04-11T04:36:36Z,linkerd,linkerd-identity-7dfb4f8788-28w6h,linkerd-proxy,433598n,11860Ki
2025-04-11T04:36:36Z,linkerd,linkerd-proxy-injector-77db5c45cc-r44n7,proxy-injector,170179n,24924Ki
2025-04-11T04:36:36Z,linkerd,linkerd-proxy-injector-77db5c45cc-r44n7,linkerd-proxy,361343n,11776Ki
2025-04-11T04:36:38Z,linkerd,linkerd-destination-6f94bbc784-2ghb8,destination,1195907n,24344Ki
2025-04-11T04:36:38Z,linkerd,linkerd-destination-6f94bbc784-2ghb8,policy,327321n,4940Ki
2025-04-11T04:36:38Z,linkerd,linkerd-destination-6f94bbc784-2ghb8,linkerd-proxy,701303n,14324Ki
2025-04-11T04:36:38Z,linkerd,linkerd-destination-6f94bbc784-2ghb8,sp-validator,131304n,20280Ki
2025-04-11T04:36:38Z,linkerd,linkerd-identity-7dfb4f8788-28w6h,identity,252597n,17480Ki
2025-04-11T04:36:38Z,linkerd,linkerd-identity-7dfb4f8788-28w6h,linkerd-proxy,433598n,11860Ki
2025-04-11T04:36:38Z,linkerd,linkerd-proxy-injector-77db5c45cc-r44n7,proxy-injector,170550n,24924Ki
2025-04-11T04:36:38Z,linkerd,linkerd-proxy-injector-77db5c45cc-r44n7,linkerd-proxy,361343n,11776Ki
2025-04-11T04:36:39Z,linkerd,linkerd-destination-6f94bbc784-2ghb8,destination,1178882n,24340Ki
2025-04-11T04:36:39Z,linkerd,linkerd-destination-6f94bbc784-2ghb8,policy,327321n,4940Ki
2025-04-11T04:36:39Z,linkerd,linkerd-destination-6f94bbc784-2ghb8,linkerd-proxy,701303n,14324Ki
2025-04-11T04:36:39Z,linkerd,linkerd-destination-6f94bbc784-2ghb8,sp-validator,131039n,20280Ki
2025-04-11T04:36:39Z,linkerd,linkerd-identity-7dfb4f8788-28w6h,identity,252597n,17480Ki
2025-04-11T04:36:39Z,linkerd,linkerd-identity-7dfb4f8788-28w6h,linkerd-proxy,433598n,11860Ki
2025-04-11T04:36:39Z,linkerd,linkerd-proxy-injector-77db5c45cc-r44n7,proxy-injector,170179n,24924Ki
2025-04-11T04:36:39Z,linkerd,linkerd-proxy-injector-77db5c45cc-r44n7,linkerd-proxy,361343n,11776Ki
2025-04-11T04:36:41Z,linkerd,linkerd-destination-6f94bbc784-2ghb8,destination,1195907n,24344Ki
2025-04-11T04:36:41Z,linkerd,linkerd-destination-6f94bbc784-2ghb8,policy,327321n,4940Ki
2025-04-11T04:36:41Z,linkerd,linkerd-destination-6f94bbc784-2ghb8,linkerd-proxy,701303n,14324Ki
2025-04-11T04:36:41Z,linkerd,linkerd-destination-6f94bbc784-2ghb8,sp-validator,131304n,20280Ki
2025-04-11T04:36:41Z,linkerd,linkerd-identity-7dfb4f8788-28w6h,identity,252597n,17480Ki
2025-04-11T04:36:41Z,linkerd,linkerd-identity-7dfb4f8788-28w6h,linkerd-proxy,433598n,11860Ki
2025-04-11T04:36:41Z,linkerd,linkerd-proxy-injector-77db5c45cc-r44n7,proxy-injector,170550n,24924Ki
2025-04-11T04:36:41Z,linkerd,linkerd-proxy-injector-77db5c45cc-r44n7,linkerd-proxy,361343n,11776Ki
2025-04-11T04:36:42Z,linkerd,linkerd-destination-6f94bbc784-2ghb8,destination,1178882n,24340Ki
2025-04-11T04:36:42Z,linkerd,linkerd-destination-6f94bbc784-2ghb8,policy,327321n,4940Ki
2025-04-11T04:36:42Z,linkerd,linkerd-destination-6f94bbc784-2ghb8,linkerd-proxy,701303n,14324Ki
2025-04-11T04:36:42Z,linkerd,linkerd-destination-6f94bbc784-2ghb8,sp-validator,131039n,20280Ki
2025-04-11T04:36:42Z,linkerd,linkerd-identity-7dfb4f8788-28w6h,identity,252597n,17480Ki
2025-04-11T04:36:42Z,linkerd,linkerd-identity-7dfb4f8788-28w6h,linkerd-proxy,433598n,11860Ki
2025-04-11T04:36:42Z,linkerd,linkerd-proxy-injector-77db5c45cc-r44n7,proxy-injector,170179n,24924Ki
2025-04-11T04:36:42Z,linkerd,linkerd-proxy-injector-77db5c45cc-r44n7,linkerd-proxy,361343n,11776Ki
2025-04-11T04:36:44Z,linkerd,linkerd-destination-6f94bbc784-2ghb8,destination,1178882n,24340Ki
2025-04-11T04:36:44Z,linkerd,linkerd-destination-6f94bbc784-2ghb8,policy,327321n,4940Ki
2025-04-11T04:36:44Z,linkerd,linkerd-destination-6f94bbc784-2ghb8,linkerd-proxy,701303n,14324Ki
2025-04-11T04:36:44Z,linkerd,linkerd-destination-6f94bbc784-2ghb8,sp-validator,131039n,20280Ki
2025-04-11T04:36:44Z,linkerd,linkerd-identity-7dfb4f8788-28w6h,identity,252597n,17480Ki
2025-04-11T04:36:44Z,linkerd,linkerd-identity-7dfb4f8788-28w6h,linkerd-proxy,433598n,11860Ki
2025-04-11T04:36:44Z,linkerd,linkerd-proxy-injector-77db5c45cc-r44n7,proxy-injector,170179n,24924Ki
2025-04-11T04:36:44Z,linkerd,linkerd-proxy-injector-77db5c45cc-r44n7,linkerd-proxy,361343n,11776Ki
2025-04-11T04:36:45Z,linkerd,linkerd-destination-6f94bbc784-2ghb8,destination,1178882n,24340Ki
2025-04-11T04:36:45Z,linkerd,linkerd-destination-6f94bbc784-2ghb8,policy,327321n,4940Ki
2025-04-11T04:36:45Z,linkerd,linkerd-destination-6f94bbc784-2ghb8,linkerd-proxy,701303n,14324Ki
2025-04-11T04:36:45Z,linkerd,linkerd-destination-6f94bbc784-2ghb8,sp-validator,131039n,20280Ki
2025-04-11T04:36:45Z,linkerd,linkerd-identity-7dfb4f8788-28w6h,identity,252597n,17480Ki
2025-04-11T04:36:45Z,linkerd,linkerd-identity-7dfb4f8788-28w6h,linkerd-proxy,433598n,11860Ki
2025-04-11T04:36:45Z,linkerd,linkerd-proxy-injector-77db5c45cc-r44n7,proxy-injector,170179n,24924Ki
2025-04-11T04:36:45Z,linkerd,linkerd-proxy-injector-77db5c45cc-r44n7,linkerd-proxy,361343n,11776Ki
2025-04-11T04:36:47Z,linkerd,linkerd-destination-6f94bbc784-2ghb8,destination,1178882n,24340Ki
2025-04-11T04:36:47Z,linkerd,linkerd-destination-6f94bbc784-2ghb8,policy,327321n,4940Ki
2025-04-11T04:36:47Z,linkerd,linkerd-destination-6f94bbc784-2ghb8,linkerd-proxy,701303n,14324Ki
2025-04-11T04:36:47Z,linkerd,linkerd-destination-6f94bbc784-2ghb8,sp-validator,131039n,20280Ki
2025-04-11T04:36:47Z,linkerd,linkerd-identity-7dfb4f8788-28w6h,identity,252597n,17480Ki
2025-04-11T04:36:47Z,linkerd,linkerd-identity-7dfb4f8788-28w6h,linkerd-proxy,433598n,11860Ki
2025-04-11T04:36:47Z,linkerd,linkerd-proxy-injector-77db5c45cc-r44n7,proxy-injector,170179n,24924Ki
2025-04-11T04:36:47Z,linkerd,linkerd-proxy-injector-77db5c45cc-r44n7,linkerd-proxy,361343n,11776Ki
2025-04-11T04:36:48Z,linkerd,linkerd-destination-6f94bbc784-2ghb8,destination,2082271n,24480Ki
2025-04-11T04:36:48Z,linkerd,linkerd-destination-6f94bbc784-2ghb8,policy,795099n,4968Ki
2025-04-11T04:36:48Z,linkerd,linkerd-destination-6f94bbc784-2ghb8,linkerd-proxy,872612n,14332Ki
2025-04-11T04:36:48Z,linkerd,linkerd-destination-6f94bbc784-2ghb8,sp-validator,264485n,20280Ki
2025-04-11T04:36:48Z,linkerd,linkerd-identity-7dfb4f8788-28w6h,identity,368090n,17492Ki
2025-04-11T04:36:48Z,linkerd,linkerd-identity-7dfb4f8788-28w6h,linkerd-proxy,468366n,11872Ki
2025-04-11T04:36:48Z,linkerd,linkerd-proxy-injector-77db5c45cc-r44n7,proxy-injector,2340136n,24936Ki
2025-04-11T04:36:48Z,linkerd,linkerd-proxy-injector-77db5c45cc-r44n7,linkerd-proxy,446791n,11784Ki
2025-04-11T04:36:48Z,service-mesh-benchmark,fortio-client-cc4d5bfd8-9b772,linkerd-proxy,488976073n,20788Ki
2025-04-11T04:36:48Z,service-mesh-benchmark,fortio-server-57d7fc86d-gk69s,linkerd-proxy,125960946n,21468Ki
2025-04-11T04:36:50Z,linkerd,linkerd-destination-6f94bbc784-2ghb8,destination,2369376n,24480Ki
2025-04-11T04:36:50Z,linkerd,linkerd-destination-6f94bbc784-2ghb8,policy,795099n,4968Ki
2025-04-11T04:36:50Z,linkerd,linkerd-destination-6f94bbc784-2ghb8,linkerd-proxy,872612n,14332Ki
2025-04-11T04:36:50Z,linkerd,linkerd-destination-6f94bbc784-2ghb8,sp-validator,264485n,20280Ki
2025-04-11T04:36:50Z,linkerd,linkerd-identity-7dfb4f8788-28w6h,identity,368090n,17492Ki
2025-04-11T04:36:50Z,linkerd,linkerd-identity-7dfb4f8788-28w6h,linkerd-proxy,445353n,11868Ki
2025-04-11T04:36:50Z,linkerd,linkerd-proxy-injector-77db5c45cc-r44n7,proxy-injector,2340136n,24936Ki
2025-04-11T04:36:50Z,linkerd,linkerd-proxy-injector-77db5c45cc-r44n7,linkerd-proxy,446791n,11784Ki
2025-04-11T04:36:50Z,service-mesh-benchmark,fortio-client-cc4d5bfd8-9b772,linkerd-proxy,491503956n,20792Ki
2025-04-11T04:36:50Z,service-mesh-benchmark,fortio-server-57d7fc86d-gk69s,linkerd-proxy,125960946n,21468Ki
2025-04-11T04:36:52Z,linkerd,linkerd-destination-6f94bbc784-2ghb8,destination,2082271n,24480Ki
2025-04-11T04:36:52Z,linkerd,linkerd-destination-6f94bbc784-2ghb8,policy,795099n,4968Ki
2025-04-11T04:36:52Z,linkerd,linkerd-destination-6f94bbc784-2ghb8,linkerd-proxy,872612n,14332Ki
2025-04-11T04:36:52Z,linkerd,linkerd-destination-6f94bbc784-2ghb8,sp-validator,264485n,20280Ki
2025-04-11T04:36:52Z,linkerd,linkerd-identity-7dfb4f8788-28w6h,identity,368090n,17492Ki
2025-04-11T04:36:52Z,linkerd,linkerd-identity-7dfb4f8788-28w6h,linkerd-proxy,468366n,11872Ki
2025-04-11T04:36:52Z,linkerd,linkerd-proxy-injector-77db5c45cc-r44n7,proxy-injector,2340136n,24936Ki
2025-04-11T04:36:52Z,linkerd,linkerd-proxy-injector-77db5c45cc-r44n7,linkerd-proxy,446791n,11784Ki
2025-04-11T04:36:52Z,service-mesh-benchmark,fortio-client-cc4d5bfd8-9b772,linkerd-proxy,488976073n,20788Ki
2025-04-11T04:36:52Z,service-mesh-benchmark,fortio-server-57d7fc86d-gk69s,linkerd-proxy,125960946n,21468Ki
2025-04-11T04:36:53Z,linkerd,linkerd-destination-6f94bbc784-2ghb8,destination,2082271n,24480Ki
2025-04-11T04:36:53Z,linkerd,linkerd-destination-6f94bbc784-2ghb8,policy,795099n,4968Ki
2025-04-11T04:36:53Z,linkerd,linkerd-destination-6f94bbc784-2ghb8,linkerd-proxy,872612n,14332Ki
2025-04-11T04:36:53Z,linkerd,linkerd-destination-6f94bbc784-2ghb8,sp-validator,264485n,20280Ki
2025-04-11T04:36:53Z,linkerd,linkerd-identity-7dfb4f8788-28w6h,identity,368090n,17492Ki
2025-04-11T04:36:53Z,linkerd,linkerd-identity-7dfb4f8788-28w6h,linkerd-proxy,468366n,11872Ki
2025-04-11T04:36:53Z,linkerd,linkerd-proxy-injector-77db5c45cc-r44n7,proxy-injector,2340136n,24936Ki
2025-04-11T04:36:53Z,linkerd,linkerd-proxy-injector-77db5c45cc-r44n7,linkerd-proxy,446791n,11784Ki
2025-04-11T04:36:53Z,service-mesh-benchmark,fortio-client-cc4d5bfd8-9b772,linkerd-proxy,488976073n,20788Ki
2025-04-11T04:36:53Z,service-mesh-benchmark,fortio-server-57d7fc86d-gk69s,linkerd-proxy,125960946n,21468Ki
2025-04-11T04:36:55Z,linkerd,linkerd-destination-6f94bbc784-2ghb8,destination,2369376n,24480Ki
2025-04-11T04:36:55Z,linkerd,linkerd-destination-6f94bbc784-2ghb8,policy,795099n,4968Ki
2025-04-11T04:36:55Z,linkerd,linkerd-destination-6f94bbc784-2ghb8,linkerd-proxy,872612n,14332Ki
2025-04-11T04:36:55Z,linkerd,linkerd-destination-6f94bbc784-2ghb8,sp-validator,264485n,20280Ki
2025-04-11T04:36:55Z,linkerd,linkerd-identity-7dfb4f8788-28w6h,identity,368090n,17492Ki
2025-04-11T04:36:55Z,linkerd,linkerd-identity-7dfb4f8788-28w6h,linkerd-proxy,445353n,11868Ki
2025-04-11T04:36:55Z,linkerd,linkerd-proxy-injector-77db5c45cc-r44n7,proxy-injector,2340136n,24936Ki
2025-04-11T04:36:55Z,linkerd,linkerd-proxy-injector-77db5c45cc-r44n7,linkerd-proxy,446791n,11784Ki
2025-04-11T04:36:55Z,service-mesh-benchmark,fortio-client-cc4d5bfd8-9b772,linkerd-proxy,491503956n,20792Ki
2025-04-11T04:36:55Z,service-mesh-benchmark,fortio-server-57d7fc86d-gk69s,linkerd-proxy,125960946n,21468Ki
2025-04-11T04:36:56Z,linkerd,linkerd-destination-6f94bbc784-2ghb8,destination,2082271n,24480Ki
2025-04-11T04:36:56Z,linkerd,linkerd-destination-6f94bbc784-2ghb8,policy,795099n,4968Ki
2025-04-11T04:36:56Z,linkerd,linkerd-destination-6f94bbc784-2ghb8,linkerd-proxy,872612n,14332Ki
2025-04-11T04:36:56Z,linkerd,linkerd-destination-6f94bbc784-2ghb8,sp-validator,264485n,20280Ki
2025-04-11T04:36:56Z,linkerd,linkerd-identity-7dfb4f8788-28w6h,identity,368090n,17492Ki
2025-04-11T04:36:56Z,linkerd,linkerd-identity-7dfb4f8788-28w6h,linkerd-proxy,468366n,11872Ki
2025-04-11T04:36:56Z,linkerd,linkerd-proxy-injector-77db5c45cc-r44n7,proxy-injector,2340136n,24936Ki
2025-04-11T04:36:56Z,linkerd,linkerd-proxy-injector-77db5c45cc-r44n7,linkerd-proxy,446791n,11784Ki
2025-04-11T04:36:56Z,service-mesh-benchmark,fortio-client-cc4d5bfd8-9b772,linkerd-proxy,488976073n,20788Ki
2025-04-11T04:36:56Z,service-mesh-benchmark,fortio-server-57d7fc86d-gk69s,linkerd-proxy,125960946n,21468Ki
2025-04-11T04:36:58Z,linkerd,linkerd-destination-6f94bbc784-2ghb8,destination,2369376n,24480Ki
2025-04-11T04:36:58Z,linkerd,linkerd-destination-6f94bbc784-2ghb8,policy,795099n,4968Ki
2025-04-11T04:36:58Z,linkerd,linkerd-destination-6f94bbc784-2ghb8,linkerd-proxy,872612n,14332Ki
2025-04-11T04:36:58Z,linkerd,linkerd-destination-6f94bbc784-2ghb8,sp-validator,264485n,20280Ki
2025-04-11T04:36:58Z,linkerd,linkerd-identity-7dfb4f8788-28w6h,identity,368090n,17492Ki
2025-04-11T04:36:58Z,linkerd,linkerd-identity-7dfb4f8788-28w6h,linkerd-proxy,445353n,11868Ki
2025-04-11T04:36:58Z,linkerd,linkerd-proxy-injector-77db5c45cc-r44n7,proxy-injector,2340136n,24936Ki
2025-04-11T04:36:58Z,linkerd,linkerd-proxy-injector-77db5c45cc-r44n7,linkerd-proxy,446791n,11784Ki
2025-04-11T04:36:58Z,service-mesh-benchmark,fortio-client-cc4d5bfd8-9b772,linkerd-proxy,491503956n,20792Ki
2025-04-11T04:36:58Z,service-mesh-benchmark,fortio-server-57d7fc86d-gk69s,linkerd-proxy,125960946n,21468Ki
2025-04-11T04:36:59Z,linkerd,linkerd-destination-6f94bbc784-2ghb8,destination,2082271n,24480Ki
2025-04-11T04:36:59Z,linkerd,linkerd-destination-6f94bbc784-2ghb8,policy,795099n,4968Ki
2025-04-11T04:36:59Z,linkerd,linkerd-destination-6f94bbc784-2ghb8,linkerd-proxy,872612n,14332Ki
2025-04-11T04:36:59Z,linkerd,linkerd-destination-6f94bbc784-2ghb8,sp-validator,264485n,20280Ki
2025-04-11T04:36:59Z,linkerd,linkerd-identity-7dfb4f8788-28w6h,identity,368090n,17492Ki
2025-04-11T04:36:59Z,linkerd,linkerd-identity-7dfb4f8788-28w6h,linkerd-proxy,468366n,11872Ki
2025-04-11T04:36:59Z,linkerd,linkerd-proxy-injector-77db5c45cc-r44n7,proxy-injector,2340136n,24936Ki
2025-04-11T04:36:59Z,linkerd,linkerd-proxy-injector-77db5c45cc-r44n7,linkerd-proxy,446791n,11784Ki
2025-04-11T04:36:59Z,service-mesh-benchmark,fortio-client-cc4d5bfd8-9b772,linkerd-proxy,488976073n,20788Ki
2025-04-11T04:36:59Z,service-mesh-benchmark,fortio-server-57d7fc86d-gk69s,linkerd-proxy,125960946n,21468Ki
2025-04-11T04:37:01Z,linkerd,linkerd-destination-6f94bbc784-2ghb8,destination,2369376n,24480Ki
2025-04-11T04:37:01Z,linkerd,linkerd-destination-6f94bbc784-2ghb8,policy,795099n,4968Ki
2025-04-11T04:37:01Z,linkerd,linkerd-destination-6f94bbc784-2ghb8,linkerd-proxy,872612n,14332Ki
2025-04-11T04:37:01Z,linkerd,linkerd-destination-6f94bbc784-2ghb8,sp-validator,264485n,20280Ki
2025-04-11T04:37:01Z,linkerd,linkerd-identity-7dfb4f8788-28w6h,identity,368090n,17492Ki
2025-04-11T04:37:01Z,linkerd,linkerd-identity-7dfb4f8788-28w6h,linkerd-proxy,445353n,11868Ki
2025-04-11T04:37:01Z,linkerd,linkerd-proxy-injector-77db5c45cc-r44n7,proxy-injector,2340136n,24936Ki
2025-04-11T04:37:01Z,linkerd,linkerd-proxy-injector-77db5c45cc-r44n7,linkerd-proxy,446791n,11784Ki
2025-04-11T04:37:01Z,service-mesh-benchmark,fortio-client-cc4d5bfd8-9b772,linkerd-proxy,491503956n,20792Ki
2025-04-11T04:37:01Z,service-mesh-benchmark,fortio-server-57d7fc86d-gk69s,linkerd-proxy,125960946n,21468Ki
2025-04-11T04:37:02Z,linkerd,linkerd-destination-6f94bbc784-2ghb8,destination,2369376n,24480Ki
2025-04-11T04:37:02Z,linkerd,linkerd-destination-6f94bbc784-2ghb8,policy,795099n,4968Ki
2025-04-11T04:37:02Z,linkerd,linkerd-destination-6f94bbc784-2ghb8,linkerd-proxy,872612n,14332Ki
2025-04-11T04:37:02Z,linkerd,linkerd-destination-6f94bbc784-2ghb8,sp-validator,264485n,20280Ki
2025-04-11T04:37:02Z,linkerd,linkerd-identity-7dfb4f8788-28w6h,identity,368090n,17492Ki
2025-04-11T04:37:02Z,linkerd,linkerd-identity-7dfb4f8788-28w6h,linkerd-proxy,445353n,11868Ki
2025-04-11T04:37:02Z,linkerd,linkerd-proxy-injector-77db5c45cc-r44n7,proxy-injector,2340136n,24936Ki
2025-04-11T04:37:02Z,linkerd,linkerd-proxy-injector-77db5c45cc-r44n7,linkerd-proxy,446791n,11784Ki
2025-04-11T04:37:02Z,service-mesh-benchmark,fortio-client-cc4d5bfd8-9b772,linkerd-proxy,491503956n,20792Ki
2025-04-11T04:37:02Z,service-mesh-benchmark,fortio-server-57d7fc86d-gk69s,linkerd-proxy,125960946n,21468Ki
2025-04-11T04:37:04Z,linkerd,linkerd-destination-6f94bbc784-2ghb8,destination,2369376n,24480Ki
2025-04-11T04:37:04Z,linkerd,linkerd-destination-6f94bbc784-2ghb8,policy,795099n,4968Ki
2025-04-11T04:37:04Z,linkerd,linkerd-destination-6f94bbc784-2ghb8,linkerd-proxy,872612n,14332Ki
2025-04-11T04:37:04Z,linkerd,linkerd-destination-6f94bbc784-2ghb8,sp-validator,264485n,20280Ki
2025-04-11T04:37:04Z,linkerd,linkerd-identity-7dfb4f8788-28w6h,identity,368090n,17492Ki
2025-04-11T04:37:04Z,linkerd,linkerd-identity-7dfb4f8788-28w6h,linkerd-proxy,445353n,11868Ki
2025-04-11T04:37:04Z,linkerd,linkerd-proxy-injector-77db5c45cc-r44n7,proxy-injector,2340136n,24936Ki
2025-04-11T04:37:04Z,linkerd,linkerd-proxy-injector-77db5c45cc-r44n7,linkerd-proxy,446791n,11784Ki
2025-04-11T04:37:04Z,service-mesh-benchmark,fortio-client-cc4d5bfd8-9b772,linkerd-proxy,491503956n,20792Ki
2025-04-11T04:37:04Z,service-mesh-benchmark,fortio-server-57d7fc86d-gk69s,linkerd-proxy,125960946n,21468Ki
2025-04-11T04:37:05Z,linkerd,linkerd-destination-6f94bbc784-2ghb8,destination,2082271n,24480Ki
2025-04-11T04:37:05Z,linkerd,linkerd-destination-6f94bbc784-2ghb8,policy,795099n,4968Ki
2025-04-11T04:37:05Z,linkerd,linkerd-destination-6f94bbc784-2ghb8,linkerd-proxy,872612n,14332Ki
2025-04-11T04:37:05Z,linkerd,linkerd-destination-6f94bbc784-2ghb8,sp-validator,264485n,20280Ki
2025-04-11T04:37:05Z,linkerd,linkerd-identity-7dfb4f8788-28w6h,identity,368090n,17492Ki
2025-04-11T04:37:05Z,linkerd,linkerd-identity-7dfb4f8788-28w6h,linkerd-proxy,468366n,11872Ki
2025-04-11T04:37:05Z,linkerd,linkerd-proxy-injector-77db5c45cc-r44n7,proxy-injector,2340136n,24936Ki
2025-04-11T04:37:05Z,linkerd,linkerd-proxy-injector-77db5c45cc-r44n7,linkerd-proxy,446791n,11784Ki
2025-04-11T04:37:05Z,service-mesh-benchmark,fortio-client-cc4d5bfd8-9b772,linkerd-proxy,488976073n,20788Ki
2025-04-11T04:37:05Z,service-mesh-benchmark,fortio-server-57d7fc86d-gk69s,linkerd-proxy,125960946n,21468Ki
2025-04-11T04:37:07Z,linkerd,linkerd-destination-6f94bbc784-2ghb8,destination,2082271n,24480Ki
2025-04-11T04:37:07Z,linkerd,linkerd-destination-6f94bbc784-2ghb8,policy,795099n,4968Ki
2025-04-11T04:37:07Z,linkerd,linkerd-destination-6f94bbc784-2ghb8,linkerd-proxy,872612n,14332Ki
2025-04-11T04:37:07Z,linkerd,linkerd-destination-6f94bbc784-2ghb8,sp-validator,264485n,20280Ki
2025-04-11T04:37:07Z,linkerd,linkerd-identity-7dfb4f8788-28w6h,identity,368090n,17492Ki
2025-04-11T04:37:07Z,linkerd,linkerd-identity-7dfb4f8788-28w6h,linkerd-proxy,468366n,11872Ki
2025-04-11T04:37:07Z,linkerd,linkerd-proxy-injector-77db5c45cc-r44n7,proxy-injector,2340136n,24936Ki
2025-04-11T04:37:07Z,linkerd,linkerd-proxy-injector-77db5c45cc-r44n7,linkerd-proxy,446791n,11784Ki
2025-04-11T04:37:07Z,service-mesh-benchmark,fortio-client-cc4d5bfd8-9b772,linkerd-proxy,488976073n,20788Ki
2025-04-11T04:37:07Z,service-mesh-benchmark,fortio-server-57d7fc86d-gk69s,linkerd-proxy,125960946n,21468Ki
2025-04-11T04:37:09Z,linkerd,linkerd-destination-6f94bbc784-2ghb8,destination,2082271n,24480Ki
2025-04-11T04:37:09Z,linkerd,linkerd-destination-6f94bbc784-2ghb8,policy,795099n,4968Ki
2025-04-11T04:37:09Z,linkerd,linkerd-destination-6f94bbc784-2ghb8,linkerd-proxy,872612n,14332Ki
2025-04-11T04:37:09Z,linkerd,linkerd-destination-6f94bbc784-2ghb8,sp-validator,264485n,20280Ki
2025-04-11T04:37:09Z,linkerd,linkerd-identity-7dfb4f8788-28w6h,identity,368090n,17492Ki
2025-04-11T04:37:09Z,linkerd,linkerd-identity-7dfb4f8788-28w6h,linkerd-proxy,468366n,11872Ki
2025-04-11T04:37:09Z,linkerd,linkerd-proxy-injector-77db5c45cc-r44n7,proxy-injector,2340136n,24936Ki
2025-04-11T04:37:09Z,linkerd,linkerd-proxy-injector-77db5c45cc-r44n7,linkerd-proxy,446791n,11784Ki
2025-04-11T04:37:09Z,service-mesh-benchmark,fortio-client-cc4d5bfd8-9b772,linkerd-proxy,488976073n,20788Ki
2025-04-11T04:37:09Z,service-mesh-benchmark,fortio-server-57d7fc86d-gk69s,linkerd-proxy,125960946n,21468Ki
2025-04-11T04:37:11Z,linkerd,linkerd-destination-6f94bbc784-2ghb8,destination,2369376n,24480Ki
2025-04-11T04:37:11Z,linkerd,linkerd-destination-6f94bbc784-2ghb8,policy,795099n,4968Ki
2025-04-11T04:37:11Z,linkerd,linkerd-destination-6f94bbc784-2ghb8,linkerd-proxy,872612n,14332Ki
2025-04-11T04:37:11Z,linkerd,linkerd-destination-6f94bbc784-2ghb8,sp-validator,264485n,20280Ki
2025-04-11T04:37:11Z,linkerd,linkerd-identity-7dfb4f8788-28w6h,identity,368090n,17492Ki
2025-04-11T04:37:11Z,linkerd,linkerd-identity-7dfb4f8788-28w6h,linkerd-proxy,445353n,11868Ki
2025-04-11T04:37:11Z,linkerd,linkerd-proxy-injector-77db5c45cc-r44n7,proxy-injector,2340136n,24936Ki
2025-04-11T04:37:11Z,linkerd,linkerd-proxy-injector-77db5c45cc-r44n7,linkerd-proxy,446791n,11784Ki
2025-04-11T04:37:11Z,service-mesh-benchmark,fortio-client-cc4d5bfd8-9b772,linkerd-proxy,491503956n,20792Ki
2025-04-11T04:37:11Z,service-mesh-benchmark,fortio-server-57d7fc86d-gk69s,linkerd-proxy,125960946n,21468Ki
2025-04-11T04:37:13Z,linkerd,linkerd-destination-6f94bbc784-2ghb8,destination,2082271n,24480Ki
2025-04-11T04:37:13Z,linkerd,linkerd-destination-6f94bbc784-2ghb8,policy,795099n,4968Ki
2025-04-11T04:37:13Z,linkerd,linkerd-destination-6f94bbc784-2ghb8,linkerd-proxy,872612n,14332Ki
2025-04-11T04:37:13Z,linkerd,linkerd-destination-6f94bbc784-2ghb8,sp-validator,264485n,20280Ki
2025-04-11T04:37:13Z,linkerd,linkerd-identity-7dfb4f8788-28w6h,identity,368090n,17492Ki
2025-04-11T04:37:13Z,linkerd,linkerd-identity-7dfb4f8788-28w6h,linkerd-proxy,468366n,11872Ki
2025-04-11T04:37:13Z,linkerd,linkerd-proxy-injector-77db5c45cc-r44n7,proxy-injector,2340136n,24936Ki
2025-04-11T04:37:13Z,linkerd,linkerd-proxy-injector-77db5c45cc-r44n7,linkerd-proxy,446791n,11784Ki
2025-04-11T04:37:13Z,service-mesh-benchmark,fortio-client-cc4d5bfd8-9b772,linkerd-proxy,488976073n,20788Ki
2025-04-11T04:37:13Z,service-mesh-benchmark,fortio-server-57d7fc86d-gk69s,linkerd-proxy,125960946n,21468Ki
2025-04-11T04:37:14Z,linkerd,linkerd-destination-6f94bbc784-2ghb8,destination,2082271n,24480Ki
2025-04-11T04:37:14Z,linkerd,linkerd-destination-6f94bbc784-2ghb8,policy,795099n,4968Ki
2025-04-11T04:37:14Z,linkerd,linkerd-destination-6f94bbc784-2ghb8,linkerd-proxy,872612n,14332Ki
2025-04-11T04:37:14Z,linkerd,linkerd-destination-6f94bbc784-2ghb8,sp-validator,264485n,20280Ki
2025-04-11T04:37:14Z,linkerd,linkerd-identity-7dfb4f8788-28w6h,identity,368090n,17492Ki
2025-04-11T04:37:14Z,linkerd,linkerd-identity-7dfb4f8788-28w6h,linkerd-proxy,468366n,11872Ki
2025-04-11T04:37:14Z,linkerd,linkerd-proxy-injector-77db5c45cc-r44n7,proxy-injector,2340136n,24936Ki
2025-04-11T04:37:14Z,linkerd,linkerd-proxy-injector-77db5c45cc-r44n7,linkerd-proxy,446791n,11784Ki
2025-04-11T04:37:14Z,service-mesh-benchmark,fortio-client-cc4d5bfd8-9b772,linkerd-proxy,488976073n,20788Ki
2025-04-11T04:37:14Z,service-mesh-benchmark,fortio-server-57d7fc86d-gk69s,linkerd-proxy,125960946n,21468Ki
2025-04-11T04:37:16Z,linkerd,linkerd-destination-6f94bbc784-2ghb8,destination,2369376n,24480Ki
2025-04-11T04:37:16Z,linkerd,linkerd-destination-6f94bbc784-2ghb8,policy,795099n,4968Ki
2025-04-11T04:37:16Z,linkerd,linkerd-destination-6f94bbc784-2ghb8,linkerd-proxy,872612n,14332Ki
2025-04-11T04:37:16Z,linkerd,linkerd-destination-6f94bbc784-2ghb8,sp-validator,264485n,20280Ki
2025-04-11T04:37:16Z,linkerd,linkerd-identity-7dfb4f8788-28w6h,identity,368090n,17492Ki
2025-04-11T04:37:16Z,linkerd,linkerd-identity-7dfb4f8788-28w6h,linkerd-proxy,445353n,11868Ki
2025-04-11T04:37:16Z,linkerd,linkerd-proxy-injector-77db5c45cc-r44n7,proxy-injector,2340136n,24936Ki
2025-04-11T04:37:16Z,linkerd,linkerd-proxy-injector-77db5c45cc-r44n7,linkerd-proxy,446791n,11784Ki
2025-04-11T04:37:16Z,service-mesh-benchmark,fortio-client-cc4d5bfd8-9b772,linkerd-proxy,491503956n,20792Ki
2025-04-11T04:37:16Z,service-mesh-benchmark,fortio-server-57d7fc86d-gk69s,linkerd-proxy,125960946n,21468Ki
2025-04-11T04:37:18Z,linkerd,linkerd-destination-6f94bbc784-2ghb8,destination,2082271n,24480Ki
2025-04-11T04:37:18Z,linkerd,linkerd-destination-6f94bbc784-2ghb8,policy,795099n,4968Ki
2025-04-11T04:37:18Z,linkerd,linkerd-destination-6f94bbc784-2ghb8,linkerd-proxy,872612n,14332Ki
2025-04-11T04:37:18Z,linkerd,linkerd-destination-6f94bbc784-2ghb8,sp-validator,264485n,20280Ki
2025-04-11T04:37:18Z,linkerd,linkerd-identity-7dfb4f8788-28w6h,identity,368090n,17492Ki
2025-04-11T04:37:18Z,linkerd,linkerd-identity-7dfb4f8788-28w6h,linkerd-proxy,468366n,11872Ki
2025-04-11T04:37:18Z,linkerd,linkerd-proxy-injector-77db5c45cc-r44n7,proxy-injector,2340136n,24936Ki
2025-04-11T04:37:18Z,linkerd,linkerd-proxy-injector-77db5c45cc-r44n7,linkerd-proxy,446791n,11784Ki
2025-04-11T04:37:18Z,service-mesh-benchmark,fortio-client-cc4d5bfd8-9b772,linkerd-proxy,488976073n,20788Ki
2025-04-11T04:37:18Z,service-mesh-benchmark,fortio-server-57d7fc86d-gk69s,linkerd-proxy,125960946n,21468Ki
2025-04-11T04:37:19Z,linkerd,linkerd-destination-6f94bbc784-2ghb8,destination,2082271n,24480Ki
2025-04-11T04:37:19Z,linkerd,linkerd-destination-6f94bbc784-2ghb8,policy,795099n,4968Ki
2025-04-11T04:37:19Z,linkerd,linkerd-destination-6f94bbc784-2ghb8,linkerd-proxy,872612n,14332Ki
2025-04-11T04:37:19Z,linkerd,linkerd-destination-6f94bbc784-2ghb8,sp-validator,264485n,20280Ki
2025-04-11T04:37:19Z,linkerd,linkerd-identity-7dfb4f8788-28w6h,identity,368090n,17492Ki
2025-04-11T04:37:19Z,linkerd,linkerd-identity-7dfb4f8788-28w6h,linkerd-proxy,468366n,11872Ki
2025-04-11T04:37:19Z,linkerd,linkerd-proxy-injector-77db5c45cc-r44n7,proxy-injector,2340136n,24936Ki
2025-04-11T04:37:19Z,linkerd,linkerd-proxy-injector-77db5c45cc-r44n7,linkerd-proxy,446791n,11784Ki
2025-04-11T04:37:19Z,service-mesh-benchmark,fortio-client-cc4d5bfd8-9b772,linkerd-proxy,488976073n,20788Ki
2025-04-11T04:37:19Z,service-mesh-benchmark,fortio-server-57d7fc86d-gk69s,linkerd-proxy,125960946n,21468Ki
2025-04-11T04:37:21Z,linkerd,linkerd-destination-6f94bbc784-2ghb8,destination,2082271n,24480Ki
2025-04-11T04:37:21Z,linkerd,linkerd-destination-6f94bbc784-2ghb8,policy,795099n,4968Ki
2025-04-11T04:37:21Z,linkerd,linkerd-destination-6f94bbc784-2ghb8,linkerd-proxy,872612n,14332Ki
2025-04-11T04:37:21Z,linkerd,linkerd-destination-6f94bbc784-2ghb8,sp-validator,264485n,20280Ki
2025-04-11T04:37:21Z,linkerd,linkerd-identity-7dfb4f8788-28w6h,identity,368090n,17492Ki
2025-04-11T04:37:21Z,linkerd,linkerd-identity-7dfb4f8788-28w6h,linkerd-proxy,468366n,11872Ki
2025-04-11T04:37:21Z,linkerd,linkerd-proxy-injector-77db5c45cc-r44n7,proxy-injector,2340136n,24936Ki
2025-04-11T04:37:21Z,linkerd,linkerd-proxy-injector-77db5c45cc-r44n7,linkerd-proxy,446791n,11784Ki
2025-04-11T04:37:21Z,service-mesh-benchmark,fortio-client-cc4d5bfd8-9b772,linkerd-proxy,488976073n,20788Ki
2025-04-11T04:37:21Z,service-mesh-benchmark,fortio-server-57d7fc86d-gk69s,linkerd-proxy,125960946n,21468Ki
2025-04-11T04:37:22Z,linkerd,linkerd-destination-6f94bbc784-2ghb8,destination,2369376n,24480Ki
2025-04-11T04:37:22Z,linkerd,linkerd-destination-6f94bbc784-2ghb8,policy,795099n,4968Ki
2025-04-11T04:37:22Z,linkerd,linkerd-destination-6f94bbc784-2ghb8,linkerd-proxy,872612n,14332Ki
2025-04-11T04:37:22Z,linkerd,linkerd-destination-6f94bbc784-2ghb8,sp-validator,264485n,20280Ki
2025-04-11T04:37:22Z,linkerd,linkerd-identity-7dfb4f8788-28w6h,identity,368090n,17492Ki
2025-04-11T04:37:22Z,linkerd,linkerd-identity-7dfb4f8788-28w6h,linkerd-proxy,445353n,11868Ki
2025-04-11T04:37:22Z,linkerd,linkerd-proxy-injector-77db5c45cc-r44n7,proxy-injector,2340136n,24936Ki
2025-04-11T04:37:22Z,linkerd,linkerd-proxy-injector-77db5c45cc-r44n7,linkerd-proxy,446791n,11784Ki
2025-04-11T04:37:22Z,service-mesh-benchmark,fortio-client-cc4d5bfd8-9b772,linkerd-proxy,491503956n,20792Ki
2025-04-11T04:37:22Z,service-mesh-benchmark,fortio-server-57d7fc86d-gk69s,linkerd-proxy,125960946n,21468Ki
2025-04-11T04:37:24Z,linkerd,linkerd-destination-6f94bbc784-2ghb8,destination,2082271n,24480Ki
2025-04-11T04:37:24Z,linkerd,linkerd-destination-6f94bbc784-2ghb8,policy,795099n,4968Ki
2025-04-11T04:37:24Z,linkerd,linkerd-destination-6f94bbc784-2ghb8,linkerd-proxy,872612n,14332Ki
2025-04-11T04:37:24Z,linkerd,linkerd-destination-6f94bbc784-2ghb8,sp-validator,264485n,20280Ki
2025-04-11T04:37:24Z,linkerd,linkerd-identity-7dfb4f8788-28w6h,identity,368090n,17492Ki
2025-04-11T04:37:24Z,linkerd,linkerd-identity-7dfb4f8788-28w6h,linkerd-proxy,468366n,11872Ki
2025-04-11T04:37:24Z,linkerd,linkerd-proxy-injector-77db5c45cc-r44n7,proxy-injector,2340136n,24936Ki
2025-04-11T04:37:24Z,linkerd,linkerd-proxy-injector-77db5c45cc-r44n7,linkerd-proxy,446791n,11784Ki
2025-04-11T04:37:24Z,service-mesh-benchmark,fortio-client-cc4d5bfd8-9b772,linkerd-proxy,488976073n,20788Ki
2025-04-11T04:37:24Z,service-mesh-benchmark,fortio-server-57d7fc86d-gk69s,linkerd-proxy,125960946n,21468Ki
2025-04-11T04:37:25Z,linkerd,linkerd-destination-6f94bbc784-2ghb8,destination,2369376n,24480Ki
2025-04-11T04:37:25Z,linkerd,linkerd-destination-6f94bbc784-2ghb8,policy,795099n,4968Ki
2025-04-11T04:37:25Z,linkerd,linkerd-destination-6f94bbc784-2ghb8,linkerd-proxy,872612n,14332Ki
2025-04-11T04:37:25Z,linkerd,linkerd-destination-6f94bbc784-2ghb8,sp-validator,264485n,20280Ki
2025-04-11T04:37:25Z,linkerd,linkerd-identity-7dfb4f8788-28w6h,identity,368090n,17492Ki
2025-04-11T04:37:25Z,linkerd,linkerd-identity-7dfb4f8788-28w6h,linkerd-proxy,445353n,11868Ki
2025-04-11T04:37:25Z,linkerd,linkerd-proxy-injector-77db5c45cc-r44n7,proxy-injector,2340136n,24936Ki
2025-04-11T04:37:25Z,linkerd,linkerd-proxy-injector-77db5c45cc-r44n7,linkerd-proxy,446791n,11784Ki
2025-04-11T04:37:25Z,service-mesh-benchmark,fortio-client-cc4d5bfd8-9b772,linkerd-proxy,491503956n,20792Ki
2025-04-11T04:37:25Z,service-mesh-benchmark,fortio-server-57d7fc86d-gk69s,linkerd-proxy,125960946n,21468Ki
2025-04-11T04:37:27Z,linkerd,linkerd-destination-6f94bbc784-2ghb8,destination,2082271n,24480Ki
2025-04-11T04:37:27Z,linkerd,linkerd-destination-6f94bbc784-2ghb8,policy,795099n,4968Ki
2025-04-11T04:37:27Z,linkerd,linkerd-destination-6f94bbc784-2ghb8,linkerd-proxy,872612n,14332Ki
2025-04-11T04:37:27Z,linkerd,linkerd-destination-6f94bbc784-2ghb8,sp-validator,264485n,20280Ki
2025-04-11T04:37:27Z,linkerd,linkerd-identity-7dfb4f8788-28w6h,identity,368090n,17492Ki
2025-04-11T04:37:27Z,linkerd,linkerd-identity-7dfb4f8788-28w6h,linkerd-proxy,468366n,11872Ki
2025-04-11T04:37:27Z,linkerd,linkerd-proxy-injector-77db5c45cc-r44n7,proxy-injector,2340136n,24936Ki
2025-04-11T04:37:27Z,linkerd,linkerd-proxy-injector-77db5c45cc-r44n7,linkerd-proxy,446791n,11784Ki
2025-04-11T04:37:27Z,service-mesh-benchmark,fortio-client-cc4d5bfd8-9b772,linkerd-proxy,488976073n,20788Ki
2025-04-11T04:37:27Z,service-mesh-benchmark,fortio-server-57d7fc86d-gk69s,linkerd-proxy,125960946n,21468Ki
2025-04-11T04:37:28Z,linkerd,linkerd-destination-6f94bbc784-2ghb8,destination,2082271n,24480Ki
2025-04-11T04:37:28Z,linkerd,linkerd-destination-6f94bbc784-2ghb8,policy,795099n,4968Ki
2025-04-11T04:37:28Z,linkerd,linkerd-destination-6f94bbc784-2ghb8,linkerd-proxy,872612n,14332Ki
2025-04-11T04:37:28Z,linkerd,linkerd-destination-6f94bbc784-2ghb8,sp-validator,264485n,20280Ki
2025-04-11T04:37:28Z,linkerd,linkerd-identity-7dfb4f8788-28w6h,identity,368090n,17492Ki
2025-04-11T04:37:28Z,linkerd,linkerd-identity-7dfb4f8788-28w6h,linkerd-proxy,468366n,11872Ki
2025-04-11T04:37:28Z,linkerd,linkerd-proxy-injector-77db5c45cc-r44n7,proxy-injector,2340136n,24936Ki
2025-04-11T04:37:28Z,linkerd,linkerd-proxy-injector-77db5c45cc-r44n7,linkerd-proxy,446791n,11784Ki
2025-04-11T04:37:28Z,service-mesh-benchmark,fortio-client-cc4d5bfd8-9b772,linkerd-proxy,488976073n,20788Ki
2025-04-11T04:37:28Z,service-mesh-benchmark,fortio-server-57d7fc86d-gk69s,linkerd-proxy,125960946n,21468Ki
2025-04-11T04:37:30Z,linkerd,linkerd-destination-6f94bbc784-2ghb8,destination,2369376n,24480Ki
2025-04-11T04:37:30Z,linkerd,linkerd-destination-6f94bbc784-2ghb8,policy,795099n,4968Ki
2025-04-11T04:37:30Z,linkerd,linkerd-destination-6f94bbc784-2ghb8,linkerd-proxy,872612n,14332Ki
2025-04-11T04:37:30Z,linkerd,linkerd-destination-6f94bbc784-2ghb8,sp-validator,264485n,20280Ki
2025-04-11T04:37:30Z,linkerd,linkerd-identity-7dfb4f8788-28w6h,identity,368090n,17492Ki
2025-04-11T04:37:30Z,linkerd,linkerd-identity-7dfb4f8788-28w6h,linkerd-proxy,445353n,11868Ki
2025-04-11T04:37:30Z,linkerd,linkerd-proxy-injector-77db5c45cc-r44n7,proxy-injector,2340136n,24936Ki
2025-04-11T04:37:30Z,linkerd,linkerd-proxy-injector-77db5c45cc-r44n7,linkerd-proxy,446791n,11784Ki
2025-04-11T04:37:30Z,service-mesh-benchmark,fortio-client-cc4d5bfd8-9b772,linkerd-proxy,491503956n,20792Ki
2025-04-11T04:37:30Z,service-mesh-benchmark,fortio-server-57d7fc86d-gk69s,linkerd-proxy,125960946n,21468Ki
2025-04-11T04:37:32Z,linkerd,linkerd-destination-6f94bbc784-2ghb8,destination,2369376n,24480Ki
2025-04-11T04:37:32Z,linkerd,linkerd-destination-6f94bbc784-2ghb8,policy,795099n,4968Ki
2025-04-11T04:37:32Z,linkerd,linkerd-destination-6f94bbc784-2ghb8,linkerd-proxy,872612n,14332Ki
2025-04-11T04:37:32Z,linkerd,linkerd-destination-6f94bbc784-2ghb8,sp-validator,264485n,20280Ki
2025-04-11T04:37:32Z,linkerd,linkerd-identity-7dfb4f8788-28w6h,identity,368090n,17492Ki
2025-04-11T04:37:32Z,linkerd,linkerd-identity-7dfb4f8788-28w6h,linkerd-proxy,445353n,11868Ki
2025-04-11T04:37:32Z,linkerd,linkerd-proxy-injector-77db5c45cc-r44n7,proxy-injector,2340136n,24936Ki
2025-04-11T04:37:32Z,linkerd,linkerd-proxy-injector-77db5c45cc-r44n7,linkerd-proxy,446791n,11784Ki
2025-04-11T04:37:32Z,service-mesh-benchmark,fortio-client-cc4d5bfd8-9b772,linkerd-proxy,491503956n,20792Ki
2025-04-11T04:37:32Z,service-mesh-benchmark,fortio-server-57d7fc86d-gk69s,linkerd-proxy,125960946n,21468Ki
2025-04-11T04:37:33Z,linkerd,linkerd-destination-6f94bbc784-2ghb8,destination,2369376n,24480Ki
2025-04-11T04:37:33Z,linkerd,linkerd-destination-6f94bbc784-2ghb8,policy,795099n,4968Ki
2025-04-11T04:37:33Z,linkerd,linkerd-destination-6f94bbc784-2ghb8,linkerd-proxy,872612n,14332Ki
2025-04-11T04:37:33Z,linkerd,linkerd-destination-6f94bbc784-2ghb8,sp-validator,264485n,20280Ki
2025-04-11T04:37:33Z,linkerd,linkerd-identity-7dfb4f8788-28w6h,identity,368090n,17492Ki
2025-04-11T04:37:33Z,linkerd,linkerd-identity-7dfb4f8788-28w6h,linkerd-proxy,445353n,11868Ki
2025-04-11T04:37:33Z,linkerd,linkerd-proxy-injector-77db5c45cc-r44n7,proxy-injector,2340136n,24936Ki
2025-04-11T04:37:33Z,linkerd,linkerd-proxy-injector-77db5c45cc-r44n7,linkerd-proxy,446791n,11784Ki
2025-04-11T04:37:33Z,service-mesh-benchmark,fortio-client-cc4d5bfd8-9b772,linkerd-proxy,491503956n,20792Ki
2025-04-11T04:37:33Z,service-mesh-benchmark,fortio-server-57d7fc86d-gk69s,linkerd-proxy,125960946n,21468Ki
2025-04-11T04:37:35Z,linkerd,linkerd-destination-6f94bbc784-2ghb8,destination,2369376n,24480Ki
2025-04-11T04:37:35Z,linkerd,linkerd-destination-6f94bbc784-2ghb8,policy,795099n,4968Ki
2025-04-11T04:37:35Z,linkerd,linkerd-destination-6f94bbc784-2ghb8,linkerd-proxy,872612n,14332Ki
2025-04-11T04:37:35Z,linkerd,linkerd-destination-6f94bbc784-2ghb8,sp-validator,264485n,20280Ki
2025-04-11T04:37:35Z,linkerd,linkerd-identity-7dfb4f8788-28w6h,identity,368090n,17492Ki
2025-04-11T04:37:35Z,linkerd,linkerd-identity-7dfb4f8788-28w6h,linkerd-proxy,445353n,11868Ki
2025-04-11T04:37:35Z,linkerd,linkerd-proxy-injector-77db5c45cc-r44n7,proxy-injector,2340136n,24936Ki
2025-04-11T04:37:35Z,linkerd,linkerd-proxy-injector-77db5c45cc-r44n7,linkerd-proxy,446791n,11784Ki
2025-04-11T04:37:35Z,service-mesh-benchmark,fortio-client-cc4d5bfd8-9b772,linkerd-proxy,491503956n,20792Ki
2025-04-11T04:37:35Z,service-mesh-benchmark,fortio-server-57d7fc86d-gk69s,linkerd-proxy,125960946n,21468Ki
2025-04-11T04:37:36Z,linkerd,linkerd-destination-6f94bbc784-2ghb8,destination,2369376n,24480Ki
2025-04-11T04:37:36Z,linkerd,linkerd-destination-6f94bbc784-2ghb8,policy,795099n,4968Ki
2025-04-11T04:37:36Z,linkerd,linkerd-destination-6f94bbc784-2ghb8,linkerd-proxy,872612n,14332Ki
2025-04-11T04:37:36Z,linkerd,linkerd-destination-6f94bbc784-2ghb8,sp-validator,264485n,20280Ki
2025-04-11T04:37:36Z,linkerd,linkerd-identity-7dfb4f8788-28w6h,identity,368090n,17492Ki
2025-04-11T04:37:36Z,linkerd,linkerd-identity-7dfb4f8788-28w6h,linkerd-proxy,445353n,11868Ki
2025-04-11T04:37:36Z,linkerd,linkerd-proxy-injector-77db5c45cc-r44n7,proxy-injector,2340136n,24936Ki
2025-04-11T04:37:36Z,linkerd,linkerd-proxy-injector-77db5c45cc-r44n7,linkerd-proxy,446791n,11784Ki
2025-04-11T04:37:36Z,service-mesh-benchmark,fortio-client-cc4d5bfd8-9b772,linkerd-proxy,491503956n,20792Ki
2025-04-11T04:37:36Z,service-mesh-benchmark,fortio-server-57d7fc86d-gk69s,linkerd-proxy,125960946n,21468Ki
2025-04-11T04:37:38Z,linkerd,linkerd-destination-6f94bbc784-2ghb8,destination,2082271n,24480Ki
2025-04-11T04:37:38Z,linkerd,linkerd-destination-6f94bbc784-2ghb8,policy,795099n,4968Ki
2025-04-11T04:37:38Z,linkerd,linkerd-destination-6f94bbc784-2ghb8,linkerd-proxy,872612n,14332Ki
2025-04-11T04:37:38Z,linkerd,linkerd-destination-6f94bbc784-2ghb8,sp-validator,264485n,20280Ki
2025-04-11T04:37:38Z,linkerd,linkerd-identity-7dfb4f8788-28w6h,identity,368090n,17492Ki
2025-04-11T04:37:38Z,linkerd,linkerd-identity-7dfb4f8788-28w6h,linkerd-proxy,468366n,11872Ki
2025-04-11T04:37:38Z,linkerd,linkerd-proxy-injector-77db5c45cc-r44n7,proxy-injector,2340136n,24936Ki
2025-04-11T04:37:38Z,linkerd,linkerd-proxy-injector-77db5c45cc-r44n7,linkerd-proxy,446791n,11784Ki
2025-04-11T04:37:38Z,service-mesh-benchmark,fortio-client-cc4d5bfd8-9b772,linkerd-proxy,488976073n,20788Ki
2025-04-11T04:37:38Z,service-mesh-benchmark,fortio-server-57d7fc86d-gk69s,linkerd-proxy,125960946n,21468Ki
2025-04-11T04:37:39Z,linkerd,linkerd-destination-6f94bbc784-2ghb8,destination,2082271n,24480Ki
2025-04-11T04:37:39Z,linkerd,linkerd-destination-6f94bbc784-2ghb8,policy,795099n,4968Ki
2025-04-11T04:37:39Z,linkerd,linkerd-destination-6f94bbc784-2ghb8,linkerd-proxy,872612n,14332Ki
2025-04-11T04:37:39Z,linkerd,linkerd-destination-6f94bbc784-2ghb8,sp-validator,264485n,20280Ki
2025-04-11T04:37:39Z,linkerd,linkerd-identity-7dfb4f8788-28w6h,identity,368090n,17492Ki
2025-04-11T04:37:39Z,linkerd,linkerd-identity-7dfb4f8788-28w6h,linkerd-proxy,468366n,11872Ki
2025-04-11T04:37:39Z,linkerd,linkerd-proxy-injector-77db5c45cc-r44n7,proxy-injector,2340136n,24936Ki
2025-04-11T04:37:39Z,linkerd,linkerd-proxy-injector-77db5c45cc-r44n7,linkerd-proxy,446791n,11784Ki
2025-04-11T04:37:39Z,service-mesh-benchmark,fortio-client-cc4d5bfd8-9b772,linkerd-proxy,488976073n,20788Ki
2025-04-11T04:37:39Z,service-mesh-benchmark,fortio-server-57d7fc86d-gk69s,linkerd-proxy,125960946n,21468Ki
2025-04-11T04:37:41Z,linkerd,linkerd-destination-6f94bbc784-2ghb8,destination,2082271n,24480Ki
2025-04-11T04:37:41Z,linkerd,linkerd-destination-6f94bbc784-2ghb8,policy,795099n,4968Ki
2025-04-11T04:37:41Z,linkerd,linkerd-destination-6f94bbc784-2ghb8,linkerd-proxy,872612n,14332Ki
2025-04-11T04:37:41Z,linkerd,linkerd-destination-6f94bbc784-2ghb8,sp-validator,264485n,20280Ki
2025-04-11T04:37:41Z,linkerd,linkerd-identity-7dfb4f8788-28w6h,identity,368090n,17492Ki
2025-04-11T04:37:41Z,linkerd,linkerd-identity-7dfb4f8788-28w6h,linkerd-proxy,468366n,11872Ki
2025-04-11T04:37:41Z,linkerd,linkerd-proxy-injector-77db5c45cc-r44n7,proxy-injector,2340136n,24936Ki
2025-04-11T04:37:41Z,linkerd,linkerd-proxy-injector-77db5c45cc-r44n7,linkerd-proxy,446791n,11784Ki
2025-04-11T04:37:41Z,service-mesh-benchmark,fortio-client-cc4d5bfd8-9b772,linkerd-proxy,488976073n,20788Ki
2025-04-11T04:37:41Z,service-mesh-benchmark,fortio-server-57d7fc86d-gk69s,linkerd-proxy,125960946n,21468Ki
2025-04-11T04:37:43Z,linkerd,linkerd-destination-6f94bbc784-2ghb8,destination,2082271n,24480Ki
2025-04-11T04:37:43Z,linkerd,linkerd-destination-6f94bbc784-2ghb8,policy,795099n,4968Ki
2025-04-11T04:37:43Z,linkerd,linkerd-destination-6f94bbc784-2ghb8,linkerd-proxy,872612n,14332Ki
2025-04-11T04:37:43Z,linkerd,linkerd-destination-6f94bbc784-2ghb8,sp-validator,264485n,20280Ki
2025-04-11T04:37:43Z,linkerd,linkerd-identity-7dfb4f8788-28w6h,identity,368090n,17492Ki
2025-04-11T04:37:43Z,linkerd,linkerd-identity-7dfb4f8788-28w6h,linkerd-proxy,468366n,11872Ki
2025-04-11T04:37:43Z,linkerd,linkerd-proxy-injector-77db5c45cc-r44n7,proxy-injector,2340136n,24936Ki
2025-04-11T04:37:43Z,linkerd,linkerd-proxy-injector-77db5c45cc-r44n7,linkerd-proxy,446791n,11784Ki
2025-04-11T04:37:43Z,service-mesh-benchmark,fortio-client-cc4d5bfd8-9b772,linkerd-proxy,488976073n,20788Ki
2025-04-11T04:37:43Z,service-mesh-benchmark,fortio-server-57d7fc86d-gk69s,linkerd-proxy,125960946n,21468Ki
2025-04-11T04:37:45Z,linkerd,linkerd-destination-6f94bbc784-2ghb8,destination,2082271n,24480Ki
2025-04-11T04:37:45Z,linkerd,linkerd-destination-6f94bbc784-2ghb8,policy,795099n,4968Ki
2025-04-11T04:37:45Z,linkerd,linkerd-destination-6f94bbc784-2ghb8,linkerd-proxy,872612n,14332Ki
2025-04-11T04:37:45Z,linkerd,linkerd-destination-6f94bbc784-2ghb8,sp-validator,264485n,20280Ki
2025-04-11T04:37:45Z,linkerd,linkerd-identity-7dfb4f8788-28w6h,identity,368090n,17492Ki
2025-04-11T04:37:45Z,linkerd,linkerd-identity-7dfb4f8788-28w6h,linkerd-proxy,468366n,11872Ki
2025-04-11T04:37:45Z,linkerd,linkerd-proxy-injector-77db5c45cc-r44n7,proxy-injector,2340136n,24936Ki
2025-04-11T04:37:45Z,linkerd,linkerd-proxy-injector-77db5c45cc-r44n7,linkerd-proxy,446791n,11784Ki
2025-04-11T04:37:45Z,service-mesh-benchmark,fortio-client-cc4d5bfd8-9b772,linkerd-proxy,488976073n,20788Ki
2025-04-11T04:37:45Z,service-mesh-benchmark,fortio-server-57d7fc86d-gk69s,linkerd-proxy,125960946n,21468Ki
2025-04-11T04:37:46Z,linkerd,linkerd-destination-6f94bbc784-2ghb8,destination,2369376n,24480Ki
2025-04-11T04:37:46Z,linkerd,linkerd-destination-6f94bbc784-2ghb8,policy,795099n,4968Ki
2025-04-11T04:37:46Z,linkerd,linkerd-destination-6f94bbc784-2ghb8,linkerd-proxy,872612n,14332Ki
2025-04-11T04:37:46Z,linkerd,linkerd-destination-6f94bbc784-2ghb8,sp-validator,264485n,20280Ki
2025-04-11T04:37:46Z,linkerd,linkerd-identity-7dfb4f8788-28w6h,identity,368090n,17492Ki
2025-04-11T04:37:46Z,linkerd,linkerd-identity-7dfb4f8788-28w6h,linkerd-proxy,445353n,11868Ki
2025-04-11T04:37:46Z,linkerd,linkerd-proxy-injector-77db5c45cc-r44n7,proxy-injector,2340136n,24936Ki
2025-04-11T04:37:46Z,linkerd,linkerd-proxy-injector-77db5c45cc-r44n7,linkerd-proxy,446791n,11784Ki
2025-04-11T04:37:46Z,service-mesh-benchmark,fortio-client-cc4d5bfd8-9b772,linkerd-proxy,491503956n,20792Ki
2025-04-11T04:37:46Z,service-mesh-benchmark,fortio-server-57d7fc86d-gk69s,linkerd-proxy,125960946n,21468Ki
2025-04-11T04:37:48Z,linkerd,linkerd-destination-6f94bbc784-2ghb8,destination,1299102n,24544Ki
2025-04-11T04:37:48Z,linkerd,linkerd-destination-6f94bbc784-2ghb8,policy,289323n,4936Ki
2025-04-11T04:37:48Z,linkerd,linkerd-destination-6f94bbc784-2ghb8,linkerd-proxy,751101n,14392Ki
2025-04-11T04:37:48Z,linkerd,linkerd-destination-6f94bbc784-2ghb8,sp-validator,119399n,20276Ki
2025-04-11T04:37:48Z,linkerd,linkerd-identity-7dfb4f8788-28w6h,identity,367466n,17488Ki
2025-04-11T04:37:48Z,linkerd,linkerd-identity-7dfb4f8788-28w6h,linkerd-proxy,439131n,11996Ki
2025-04-11T04:37:48Z,linkerd,linkerd-proxy-injector-77db5c45cc-r44n7,proxy-injector,205162n,24932Ki
2025-04-11T04:37:48Z,linkerd,linkerd-proxy-injector-77db5c45cc-r44n7,linkerd-proxy,381754n,11788Ki
2025-04-11T04:37:48Z,service-mesh-benchmark,fortio-client-cc4d5bfd8-9b772,linkerd-proxy,921055716n,22900Ki
2025-04-11T04:37:48Z,service-mesh-benchmark,fortio-server-57d7fc86d-gk69s,linkerd-proxy,732966349n,23820Ki
2025-04-11T04:37:50Z,linkerd,linkerd-destination-6f94bbc784-2ghb8,destination,1299102n,24544Ki
2025-04-11T04:37:50Z,linkerd,linkerd-destination-6f94bbc784-2ghb8,policy,289323n,4936Ki
2025-04-11T04:37:50Z,linkerd,linkerd-destination-6f94bbc784-2ghb8,linkerd-proxy,751101n,14392Ki
2025-04-11T04:37:50Z,linkerd,linkerd-destination-6f94bbc784-2ghb8,sp-validator,119399n,20276Ki
2025-04-11T04:37:50Z,linkerd,linkerd-identity-7dfb4f8788-28w6h,identity,367466n,17488Ki
2025-04-11T04:37:50Z,linkerd,linkerd-identity-7dfb4f8788-28w6h,linkerd-proxy,439131n,11996Ki
2025-04-11T04:37:50Z,linkerd,linkerd-proxy-injector-77db5c45cc-r44n7,proxy-injector,205162n,24932Ki
2025-04-11T04:37:50Z,linkerd,linkerd-proxy-injector-77db5c45cc-r44n7,linkerd-proxy,381754n,11788Ki
2025-04-11T04:37:50Z,service-mesh-benchmark,fortio-client-cc4d5bfd8-9b772,linkerd-proxy,921055716n,22900Ki
2025-04-11T04:37:50Z,service-mesh-benchmark,fortio-server-57d7fc86d-gk69s,linkerd-proxy,732966349n,23820Ki
2025-04-11T04:37:51Z,linkerd,linkerd-destination-6f94bbc784-2ghb8,destination,1299102n,24544Ki
2025-04-11T04:37:51Z,linkerd,linkerd-destination-6f94bbc784-2ghb8,policy,289323n,4936Ki
2025-04-11T04:37:51Z,linkerd,linkerd-destination-6f94bbc784-2ghb8,linkerd-proxy,751101n,14392Ki
2025-04-11T04:37:51Z,linkerd,linkerd-destination-6f94bbc784-2ghb8,sp-validator,119399n,20276Ki
2025-04-11T04:37:51Z,linkerd,linkerd-identity-7dfb4f8788-28w6h,identity,367466n,17488Ki
2025-04-11T04:37:51Z,linkerd,linkerd-identity-7dfb4f8788-28w6h,linkerd-proxy,439131n,11996Ki
2025-04-11T04:37:51Z,linkerd,linkerd-proxy-injector-77db5c45cc-r44n7,proxy-injector,205162n,24932Ki
2025-04-11T04:37:51Z,linkerd,linkerd-proxy-injector-77db5c45cc-r44n7,linkerd-proxy,381754n,11788Ki
2025-04-11T04:37:51Z,service-mesh-benchmark,fortio-client-cc4d5bfd8-9b772,linkerd-proxy,921055716n,22900Ki
2025-04-11T04:37:51Z,service-mesh-benchmark,fortio-server-57d7fc86d-gk69s,linkerd-proxy,732966349n,23820Ki
2025-04-11T04:37:53Z,linkerd,linkerd-destination-6f94bbc784-2ghb8,destination,1299102n,24544Ki
2025-04-11T04:37:53Z,linkerd,linkerd-destination-6f94bbc784-2ghb8,policy,289323n,4936Ki
2025-04-11T04:37:53Z,linkerd,linkerd-destination-6f94bbc784-2ghb8,linkerd-proxy,751101n,14392Ki
2025-04-11T04:37:53Z,linkerd,linkerd-destination-6f94bbc784-2ghb8,sp-validator,119399n,20276Ki
2025-04-11T04:37:53Z,linkerd,linkerd-identity-7dfb4f8788-28w6h,identity,367466n,17488Ki
2025-04-11T04:37:53Z,linkerd,linkerd-identity-7dfb4f8788-28w6h,linkerd-proxy,439131n,11996Ki
2025-04-11T04:37:53Z,linkerd,linkerd-proxy-injector-77db5c45cc-r44n7,proxy-injector,205162n,24932Ki
2025-04-11T04:37:53Z,linkerd,linkerd-proxy-injector-77db5c45cc-r44n7,linkerd-proxy,381754n,11788Ki
2025-04-11T04:37:53Z,service-mesh-benchmark,fortio-client-cc4d5bfd8-9b772,linkerd-proxy,921055716n,22900Ki
2025-04-11T04:37:53Z,service-mesh-benchmark,fortio-server-57d7fc86d-gk69s,linkerd-proxy,732966349n,23820Ki
2025-04-11T04:37:54Z,linkerd,linkerd-destination-6f94bbc784-2ghb8,destination,1299102n,24544Ki
2025-04-11T04:37:54Z,linkerd,linkerd-destination-6f94bbc784-2ghb8,policy,289323n,4936Ki
2025-04-11T04:37:54Z,linkerd,linkerd-destination-6f94bbc784-2ghb8,linkerd-proxy,751101n,14392Ki
2025-04-11T04:37:54Z,linkerd,linkerd-destination-6f94bbc784-2ghb8,sp-validator,119399n,20276Ki
2025-04-11T04:37:54Z,linkerd,linkerd-identity-7dfb4f8788-28w6h,identity,367466n,17488Ki
2025-04-11T04:37:54Z,linkerd,linkerd-identity-7dfb4f8788-28w6h,linkerd-proxy,425828n,11996Ki
2025-04-11T04:37:54Z,linkerd,linkerd-proxy-injector-77db5c45cc-r44n7,proxy-injector,205162n,24932Ki
2025-04-11T04:37:54Z,linkerd,linkerd-proxy-injector-77db5c45cc-r44n7,linkerd-proxy,381754n,11788Ki
2025-04-11T04:37:54Z,service-mesh-benchmark,fortio-client-cc4d5bfd8-9b772,linkerd-proxy,919812127n,22688Ki
2025-04-11T04:37:54Z,service-mesh-benchmark,fortio-server-57d7fc86d-gk69s,linkerd-proxy,732966349n,23820Ki
2025-04-11T04:37:56Z,linkerd,linkerd-destination-6f94bbc784-2ghb8,destination,1299102n,24544Ki
2025-04-11T04:37:56Z,linkerd,linkerd-destination-6f94bbc784-2ghb8,policy,289323n,4936Ki
2025-04-11T04:37:56Z,linkerd,linkerd-destination-6f94bbc784-2ghb8,linkerd-proxy,751101n,14392Ki
2025-04-11T04:37:56Z,linkerd,linkerd-destination-6f94bbc784-2ghb8,sp-validator,119399n,20276Ki
2025-04-11T04:37:56Z,linkerd,linkerd-identity-7dfb4f8788-28w6h,identity,367466n,17488Ki
2025-04-11T04:37:56Z,linkerd,linkerd-identity-7dfb4f8788-28w6h,linkerd-proxy,439131n,11996Ki
2025-04-11T04:37:56Z,linkerd,linkerd-proxy-injector-77db5c45cc-r44n7,proxy-injector,205162n,24932Ki
2025-04-11T04:37:56Z,linkerd,linkerd-proxy-injector-77db5c45cc-r44n7,linkerd-proxy,381754n,11788Ki
2025-04-11T04:37:56Z,service-mesh-benchmark,fortio-client-cc4d5bfd8-9b772,linkerd-proxy,921055716n,22900Ki
2025-04-11T04:37:56Z,service-mesh-benchmark,fortio-server-57d7fc86d-gk69s,linkerd-proxy,732966349n,23820Ki
2025-04-11T04:37:57Z,linkerd,linkerd-destination-6f94bbc784-2ghb8,destination,1299102n,24544Ki
2025-04-11T04:37:57Z,linkerd,linkerd-destination-6f94bbc784-2ghb8,policy,289323n,4936Ki
2025-04-11T04:37:57Z,linkerd,linkerd-destination-6f94bbc784-2ghb8,linkerd-proxy,751101n,14392Ki
2025-04-11T04:37:57Z,linkerd,linkerd-destination-6f94bbc784-2ghb8,sp-validator,119399n,20276Ki
2025-04-11T04:37:57Z,linkerd,linkerd-identity-7dfb4f8788-28w6h,identity,367466n,17488Ki
2025-04-11T04:37:57Z,linkerd,linkerd-identity-7dfb4f8788-28w6h,linkerd-proxy,425828n,11996Ki
2025-04-11T04:37:57Z,linkerd,linkerd-proxy-injector-77db5c45cc-r44n7,proxy-injector,205162n,24932Ki
2025-04-11T04:37:57Z,linkerd,linkerd-proxy-injector-77db5c45cc-r44n7,linkerd-proxy,381754n,11788Ki
2025-04-11T04:37:57Z,service-mesh-benchmark,fortio-client-cc4d5bfd8-9b772,linkerd-proxy,919812127n,22688Ki
2025-04-11T04:37:57Z,service-mesh-benchmark,fortio-server-57d7fc86d-gk69s,linkerd-proxy,732966349n,23820Ki
2025-04-11T04:37:59Z,linkerd,linkerd-destination-6f94bbc784-2ghb8,destination,1299102n,24544Ki
2025-04-11T04:37:59Z,linkerd,linkerd-destination-6f94bbc784-2ghb8,policy,289323n,4936Ki
2025-04-11T04:37:59Z,linkerd,linkerd-destination-6f94bbc784-2ghb8,linkerd-proxy,751101n,14392Ki
2025-04-11T04:37:59Z,linkerd,linkerd-destination-6f94bbc784-2ghb8,sp-validator,119399n,20276Ki
2025-04-11T04:37:59Z,linkerd,linkerd-identity-7dfb4f8788-28w6h,identity,367466n,17488Ki
2025-04-11T04:37:59Z,linkerd,linkerd-identity-7dfb4f8788-28w6h,linkerd-proxy,439131n,11996Ki
2025-04-11T04:37:59Z,linkerd,linkerd-proxy-injector-77db5c45cc-r44n7,proxy-injector,205162n,24932Ki
2025-04-11T04:37:59Z,linkerd,linkerd-proxy-injector-77db5c45cc-r44n7,linkerd-proxy,381754n,11788Ki
2025-04-11T04:37:59Z,service-mesh-benchmark,fortio-client-cc4d5bfd8-9b772,linkerd-proxy,921055716n,22900Ki
2025-04-11T04:37:59Z,service-mesh-benchmark,fortio-server-57d7fc86d-gk69s,linkerd-proxy,732966349n,23820Ki
2025-04-11T04:38:00Z,linkerd,linkerd-destination-6f94bbc784-2ghb8,destination,1299102n,24544Ki
2025-04-11T04:38:00Z,linkerd,linkerd-destination-6f94bbc784-2ghb8,policy,289323n,4936Ki
2025-04-11T04:38:00Z,linkerd,linkerd-destination-6f94bbc784-2ghb8,linkerd-proxy,751101n,14392Ki
2025-04-11T04:38:00Z,linkerd,linkerd-destination-6f94bbc784-2ghb8,sp-validator,119399n,20276Ki
2025-04-11T04:38:00Z,linkerd,linkerd-identity-7dfb4f8788-28w6h,identity,367466n,17488Ki
2025-04-11T04:38:00Z,linkerd,linkerd-identity-7dfb4f8788-28w6h,linkerd-proxy,425828n,11996Ki
2025-04-11T04:38:00Z,linkerd,linkerd-proxy-injector-77db5c45cc-r44n7,proxy-injector,205162n,24932Ki
2025-04-11T04:38:00Z,linkerd,linkerd-proxy-injector-77db5c45cc-r44n7,linkerd-proxy,381754n,11788Ki
2025-04-11T04:38:00Z,service-mesh-benchmark,fortio-client-cc4d5bfd8-9b772,linkerd-proxy,919812127n,22688Ki
2025-04-11T04:38:00Z,service-mesh-benchmark,fortio-server-57d7fc86d-gk69s,linkerd-proxy,732966349n,23820Ki
2025-04-11T04:38:02Z,linkerd,linkerd-destination-6f94bbc784-2ghb8,destination,1299102n,24544Ki
2025-04-11T04:38:02Z,linkerd,linkerd-destination-6f94bbc784-2ghb8,policy,289323n,4936Ki
2025-04-11T04:38:02Z,linkerd,linkerd-destination-6f94bbc784-2ghb8,linkerd-proxy,751101n,14392Ki
2025-04-11T04:38:02Z,linkerd,linkerd-destination-6f94bbc784-2ghb8,sp-validator,119399n,20276Ki
2025-04-11T04:38:02Z,linkerd,linkerd-identity-7dfb4f8788-28w6h,identity,367466n,17488Ki
2025-04-11T04:38:02Z,linkerd,linkerd-identity-7dfb4f8788-28w6h,linkerd-proxy,439131n,11996Ki
2025-04-11T04:38:02Z,linkerd,linkerd-proxy-injector-77db5c45cc-r44n7,proxy-injector,205162n,24932Ki
2025-04-11T04:38:02Z,linkerd,linkerd-proxy-injector-77db5c45cc-r44n7,linkerd-proxy,381754n,11788Ki
2025-04-11T04:38:02Z,service-mesh-benchmark,fortio-client-cc4d5bfd8-9b772,linkerd-proxy,921055716n,22900Ki
2025-04-11T04:38:02Z,service-mesh-benchmark,fortio-server-57d7fc86d-gk69s,linkerd-proxy,732966349n,23820Ki
2025-04-11T04:38:04Z,linkerd,linkerd-destination-6f94bbc784-2ghb8,destination,1299102n,24544Ki
2025-04-11T04:38:04Z,linkerd,linkerd-destination-6f94bbc784-2ghb8,policy,289323n,4936Ki
2025-04-11T04:38:04Z,linkerd,linkerd-destination-6f94bbc784-2ghb8,linkerd-proxy,751101n,14392Ki
2025-04-11T04:38:04Z,linkerd,linkerd-destination-6f94bbc784-2ghb8,sp-validator,119399n,20276Ki
2025-04-11T04:38:04Z,linkerd,linkerd-identity-7dfb4f8788-28w6h,identity,367466n,17488Ki
2025-04-11T04:38:04Z,linkerd,linkerd-identity-7dfb4f8788-28w6h,linkerd-proxy,425828n,11996Ki
2025-04-11T04:38:04Z,linkerd,linkerd-proxy-injector-77db5c45cc-r44n7,proxy-injector,205162n,24932Ki
2025-04-11T04:38:04Z,linkerd,linkerd-proxy-injector-77db5c45cc-r44n7,linkerd-proxy,381754n,11788Ki
2025-04-11T04:38:04Z,service-mesh-benchmark,fortio-client-cc4d5bfd8-9b772,linkerd-proxy,919812127n,22688Ki
2025-04-11T04:38:04Z,service-mesh-benchmark,fortio-server-57d7fc86d-gk69s,linkerd-proxy,732966349n,23820Ki
2025-04-11T04:38:05Z,linkerd,linkerd-destination-6f94bbc784-2ghb8,destination,1299102n,24544Ki
2025-04-11T04:38:05Z,linkerd,linkerd-destination-6f94bbc784-2ghb8,policy,289323n,4936Ki
2025-04-11T04:38:05Z,linkerd,linkerd-destination-6f94bbc784-2ghb8,linkerd-proxy,751101n,14392Ki
2025-04-11T04:38:05Z,linkerd,linkerd-destination-6f94bbc784-2ghb8,sp-validator,119399n,20276Ki
2025-04-11T04:38:05Z,linkerd,linkerd-identity-7dfb4f8788-28w6h,identity,367466n,17488Ki
2025-04-11T04:38:05Z,linkerd,linkerd-identity-7dfb4f8788-28w6h,linkerd-proxy,425828n,11996Ki
2025-04-11T04:38:05Z,linkerd,linkerd-proxy-injector-77db5c45cc-r44n7,proxy-injector,205162n,24932Ki
2025-04-11T04:38:05Z,linkerd,linkerd-proxy-injector-77db5c45cc-r44n7,linkerd-proxy,381754n,11788Ki
2025-04-11T04:38:05Z,service-mesh-benchmark,fortio-client-cc4d5bfd8-9b772,linkerd-proxy,919812127n,22688Ki
2025-04-11T04:38:05Z,service-mesh-benchmark,fortio-server-57d7fc86d-gk69s,linkerd-proxy,732966349n,23820Ki
2025-04-11T04:38:07Z,linkerd,linkerd-destination-6f94bbc784-2ghb8,destination,1299102n,24544Ki
2025-04-11T04:38:07Z,linkerd,linkerd-destination-6f94bbc784-2ghb8,policy,289323n,4936Ki
2025-04-11T04:38:07Z,linkerd,linkerd-destination-6f94bbc784-2ghb8,linkerd-proxy,751101n,14392Ki
2025-04-11T04:38:07Z,linkerd,linkerd-destination-6f94bbc784-2ghb8,sp-validator,119399n,20276Ki
2025-04-11T04:38:07Z,linkerd,linkerd-identity-7dfb4f8788-28w6h,identity,367466n,17488Ki
2025-04-11T04:38:07Z,linkerd,linkerd-identity-7dfb4f8788-28w6h,linkerd-proxy,425828n,11996Ki
2025-04-11T04:38:07Z,linkerd,linkerd-proxy-injector-77db5c45cc-r44n7,proxy-injector,205162n,24932Ki
2025-04-11T04:38:07Z,linkerd,linkerd-proxy-injector-77db5c45cc-r44n7,linkerd-proxy,381754n,11788Ki
2025-04-11T04:38:07Z,service-mesh-benchmark,fortio-client-cc4d5bfd8-9b772,linkerd-proxy,919812127n,22688Ki
2025-04-11T04:38:07Z,service-mesh-benchmark,fortio-server-57d7fc86d-gk69s,linkerd-proxy,732966349n,23820Ki
2025-04-11T04:38:08Z,linkerd,linkerd-destination-6f94bbc784-2ghb8,destination,1299102n,24544Ki
2025-04-11T04:38:08Z,linkerd,linkerd-destination-6f94bbc784-2ghb8,policy,289323n,4936Ki
2025-04-11T04:38:08Z,linkerd,linkerd-destination-6f94bbc784-2ghb8,linkerd-proxy,751101n,14392Ki
2025-04-11T04:38:08Z,linkerd,linkerd-destination-6f94bbc784-2ghb8,sp-validator,119399n,20276Ki
2025-04-11T04:38:08Z,linkerd,linkerd-identity-7dfb4f8788-28w6h,identity,367466n,17488Ki
2025-04-11T04:38:08Z,linkerd,linkerd-identity-7dfb4f8788-28w6h,linkerd-proxy,439131n,11996Ki
2025-04-11T04:38:08Z,linkerd,linkerd-proxy-injector-77db5c45cc-r44n7,proxy-injector,205162n,24932Ki
2025-04-11T04:38:08Z,linkerd,linkerd-proxy-injector-77db5c45cc-r44n7,linkerd-proxy,381754n,11788Ki
2025-04-11T04:38:08Z,service-mesh-benchmark,fortio-client-cc4d5bfd8-9b772,linkerd-proxy,921055716n,22900Ki
2025-04-11T04:38:08Z,service-mesh-benchmark,fortio-server-57d7fc86d-gk69s,linkerd-proxy,732966349n,23820Ki
2025-04-11T04:38:10Z,linkerd,linkerd-destination-6f94bbc784-2ghb8,destination,1299102n,24544Ki
2025-04-11T04:38:10Z,linkerd,linkerd-destination-6f94bbc784-2ghb8,policy,289323n,4936Ki
2025-04-11T04:38:10Z,linkerd,linkerd-destination-6f94bbc784-2ghb8,linkerd-proxy,751101n,14392Ki
2025-04-11T04:38:10Z,linkerd,linkerd-destination-6f94bbc784-2ghb8,sp-validator,119399n,20276Ki
2025-04-11T04:38:10Z,linkerd,linkerd-identity-7dfb4f8788-28w6h,identity,367466n,17488Ki
2025-04-11T04:38:10Z,linkerd,linkerd-identity-7dfb4f8788-28w6h,linkerd-proxy,425828n,11996Ki
2025-04-11T04:38:10Z,linkerd,linkerd-proxy-injector-77db5c45cc-r44n7,proxy-injector,205162n,24932Ki
2025-04-11T04:38:10Z,linkerd,linkerd-proxy-injector-77db5c45cc-r44n7,linkerd-proxy,381754n,11788Ki
2025-04-11T04:38:10Z,service-mesh-benchmark,fortio-client-cc4d5bfd8-9b772,linkerd-proxy,919812127n,22688Ki
2025-04-11T04:38:10Z,service-mesh-benchmark,fortio-server-57d7fc86d-gk69s,linkerd-proxy,732966349n,23820Ki
2025-04-11T04:38:11Z,linkerd,linkerd-destination-6f94bbc784-2ghb8,destination,1299102n,24544Ki
2025-04-11T04:38:11Z,linkerd,linkerd-destination-6f94bbc784-2ghb8,policy,289323n,4936Ki
2025-04-11T04:38:11Z,linkerd,linkerd-destination-6f94bbc784-2ghb8,linkerd-proxy,751101n,14392Ki
2025-04-11T04:38:11Z,linkerd,linkerd-destination-6f94bbc784-2ghb8,sp-validator,119399n,20276Ki
2025-04-11T04:38:11Z,linkerd,linkerd-identity-7dfb4f8788-28w6h,identity,367466n,17488Ki
2025-04-11T04:38:11Z,linkerd,linkerd-identity-7dfb4f8788-28w6h,linkerd-proxy,439131n,11996Ki
2025-04-11T04:38:11Z,linkerd,linkerd-proxy-injector-77db5c45cc-r44n7,proxy-injector,205162n,24932Ki
2025-04-11T04:38:11Z,linkerd,linkerd-proxy-injector-77db5c45cc-r44n7,linkerd-proxy,381754n,11788Ki
2025-04-11T04:38:11Z,service-mesh-benchmark,fortio-client-cc4d5bfd8-9b772,linkerd-proxy,921055716n,22900Ki
2025-04-11T04:38:11Z,service-mesh-benchmark,fortio-server-57d7fc86d-gk69s,linkerd-proxy,732966349n,23820Ki
2025-04-11T04:38:13Z,linkerd,linkerd-destination-6f94bbc784-2ghb8,destination,1299102n,24544Ki
2025-04-11T04:38:13Z,linkerd,linkerd-destination-6f94bbc784-2ghb8,policy,289323n,4936Ki
2025-04-11T04:38:13Z,linkerd,linkerd-destination-6f94bbc784-2ghb8,linkerd-proxy,751101n,14392Ki
2025-04-11T04:38:13Z,linkerd,linkerd-destination-6f94bbc784-2ghb8,sp-validator,119399n,20276Ki
2025-04-11T04:38:13Z,linkerd,linkerd-identity-7dfb4f8788-28w6h,identity,367466n,17488Ki
2025-04-11T04:38:13Z,linkerd,linkerd-identity-7dfb4f8788-28w6h,linkerd-proxy,439131n,11996Ki
2025-04-11T04:38:13Z,linkerd,linkerd-proxy-injector-77db5c45cc-r44n7,proxy-injector,205162n,24932Ki
2025-04-11T04:38:13Z,linkerd,linkerd-proxy-injector-77db5c45cc-r44n7,linkerd-proxy,381754n,11788Ki
2025-04-11T04:38:13Z,service-mesh-benchmark,fortio-client-cc4d5bfd8-9b772,linkerd-proxy,921055716n,22900Ki
2025-04-11T04:38:13Z,service-mesh-benchmark,fortio-server-57d7fc86d-gk69s,linkerd-proxy,732966349n,23820Ki
2025-04-11T04:38:15Z,linkerd,linkerd-destination-6f94bbc784-2ghb8,destination,1299102n,24544Ki
2025-04-11T04:38:15Z,linkerd,linkerd-destination-6f94bbc784-2ghb8,policy,289323n,4936Ki
2025-04-11T04:38:15Z,linkerd,linkerd-destination-6f94bbc784-2ghb8,linkerd-proxy,751101n,14392Ki
2025-04-11T04:38:15Z,linkerd,linkerd-destination-6f94bbc784-2ghb8,sp-validator,119399n,20276Ki
2025-04-11T04:38:15Z,linkerd,linkerd-identity-7dfb4f8788-28w6h,identity,367466n,17488Ki
2025-04-11T04:38:15Z,linkerd,linkerd-identity-7dfb4f8788-28w6h,linkerd-proxy,439131n,11996Ki
2025-04-11T04:38:15Z,linkerd,linkerd-proxy-injector-77db5c45cc-r44n7,proxy-injector,205162n,24932Ki
2025-04-11T04:38:15Z,linkerd,linkerd-proxy-injector-77db5c45cc-r44n7,linkerd-proxy,381754n,11788Ki
2025-04-11T04:38:15Z,service-mesh-benchmark,fortio-client-cc4d5bfd8-9b772,linkerd-proxy,921055716n,22900Ki
2025-04-11T04:38:15Z,service-mesh-benchmark,fortio-server-57d7fc86d-gk69s,linkerd-proxy,732966349n,23820Ki
2025-04-11T04:38:17Z,linkerd,linkerd-destination-6f94bbc784-2ghb8,destination,1299102n,24544Ki
2025-04-11T04:38:17Z,linkerd,linkerd-destination-6f94bbc784-2ghb8,policy,289323n,4936Ki
2025-04-11T04:38:17Z,linkerd,linkerd-destination-6f94bbc784-2ghb8,linkerd-proxy,751101n,14392Ki
2025-04-11T04:38:17Z,linkerd,linkerd-destination-6f94bbc784-2ghb8,sp-validator,119399n,20276Ki
2025-04-11T04:38:17Z,linkerd,linkerd-identity-7dfb4f8788-28w6h,identity,367466n,17488Ki
2025-04-11T04:38:17Z,linkerd,linkerd-identity-7dfb4f8788-28w6h,linkerd-proxy,439131n,11996Ki
2025-04-11T04:38:17Z,linkerd,linkerd-proxy-injector-77db5c45cc-r44n7,proxy-injector,205162n,24932Ki
2025-04-11T04:38:17Z,linkerd,linkerd-proxy-injector-77db5c45cc-r44n7,linkerd-proxy,381754n,11788Ki
2025-04-11T04:38:17Z,service-mesh-benchmark,fortio-client-cc4d5bfd8-9b772,linkerd-proxy,921055716n,22900Ki
2025-04-11T04:38:17Z,service-mesh-benchmark,fortio-server-57d7fc86d-gk69s,linkerd-proxy,732966349n,23820Ki
2025-04-11T04:38:18Z,linkerd,linkerd-destination-6f94bbc784-2ghb8,destination,1299102n,24544Ki
2025-04-11T04:38:18Z,linkerd,linkerd-destination-6f94bbc784-2ghb8,policy,289323n,4936Ki
2025-04-11T04:38:18Z,linkerd,linkerd-destination-6f94bbc784-2ghb8,linkerd-proxy,751101n,14392Ki
2025-04-11T04:38:18Z,linkerd,linkerd-destination-6f94bbc784-2ghb8,sp-validator,119399n,20276Ki
2025-04-11T04:38:18Z,linkerd,linkerd-identity-7dfb4f8788-28w6h,identity,367466n,17488Ki
2025-04-11T04:38:18Z,linkerd,linkerd-identity-7dfb4f8788-28w6h,linkerd-proxy,439131n,11996Ki
2025-04-11T04:38:18Z,linkerd,linkerd-proxy-injector-77db5c45cc-r44n7,proxy-injector,205162n,24932Ki
2025-04-11T04:38:18Z,linkerd,linkerd-proxy-injector-77db5c45cc-r44n7,linkerd-proxy,381754n,11788Ki
2025-04-11T04:38:18Z,service-mesh-benchmark,fortio-client-cc4d5bfd8-9b772,linkerd-proxy,921055716n,22900Ki
2025-04-11T04:38:18Z,service-mesh-benchmark,fortio-server-57d7fc86d-gk69s,linkerd-proxy,732966349n,23820Ki
2025-04-11T04:38:20Z,linkerd,linkerd-destination-6f94bbc784-2ghb8,destination,1299102n,24544Ki
2025-04-11T04:38:20Z,linkerd,linkerd-destination-6f94bbc784-2ghb8,policy,289323n,4936Ki
2025-04-11T04:38:20Z,linkerd,linkerd-destination-6f94bbc784-2ghb8,linkerd-proxy,751101n,14392Ki
2025-04-11T04:38:20Z,linkerd,linkerd-destination-6f94bbc784-2ghb8,sp-validator,119399n,20276Ki
2025-04-11T04:38:20Z,linkerd,linkerd-identity-7dfb4f8788-28w6h,identity,367466n,17488Ki
2025-04-11T04:38:20Z,linkerd,linkerd-identity-7dfb4f8788-28w6h,linkerd-proxy,425828n,11996Ki
2025-04-11T04:38:20Z,linkerd,linkerd-proxy-injector-77db5c45cc-r44n7,proxy-injector,205162n,24932Ki
2025-04-11T04:38:20Z,linkerd,linkerd-proxy-injector-77db5c45cc-r44n7,linkerd-proxy,381754n,11788Ki
2025-04-11T04:38:20Z,service-mesh-benchmark,fortio-client-cc4d5bfd8-9b772,linkerd-proxy,919812127n,22688Ki
2025-04-11T04:38:20Z,service-mesh-benchmark,fortio-server-57d7fc86d-gk69s,linkerd-proxy,732966349n,23820Ki
2025-04-11T04:38:21Z,linkerd,linkerd-destination-6f94bbc784-2ghb8,destination,1299102n,24544Ki
2025-04-11T04:38:21Z,linkerd,linkerd-destination-6f94bbc784-2ghb8,policy,289323n,4936Ki
2025-04-11T04:38:21Z,linkerd,linkerd-destination-6f94bbc784-2ghb8,linkerd-proxy,751101n,14392Ki
2025-04-11T04:38:21Z,linkerd,linkerd-destination-6f94bbc784-2ghb8,sp-validator,119399n,20276Ki
2025-04-11T04:38:21Z,linkerd,linkerd-identity-7dfb4f8788-28w6h,identity,367466n,17488Ki
2025-04-11T04:38:21Z,linkerd,linkerd-identity-7dfb4f8788-28w6h,linkerd-proxy,425828n,11996Ki
2025-04-11T04:38:21Z,linkerd,linkerd-proxy-injector-77db5c45cc-r44n7,proxy-injector,205162n,24932Ki
2025-04-11T04:38:21Z,linkerd,linkerd-proxy-injector-77db5c45cc-r44n7,linkerd-proxy,381754n,11788Ki
2025-04-11T04:38:21Z,service-mesh-benchmark,fortio-client-cc4d5bfd8-9b772,linkerd-proxy,919812127n,22688Ki
2025-04-11T04:38:21Z,service-mesh-benchmark,fortio-server-57d7fc86d-gk69s,linkerd-proxy,732966349n,23820Ki
2025-04-11T04:38:23Z,linkerd,linkerd-destination-6f94bbc784-2ghb8,destination,1299102n,24544Ki
2025-04-11T04:38:23Z,linkerd,linkerd-destination-6f94bbc784-2ghb8,policy,289323n,4936Ki
2025-04-11T04:38:23Z,linkerd,linkerd-destination-6f94bbc784-2ghb8,linkerd-proxy,751101n,14392Ki
2025-04-11T04:38:23Z,linkerd,linkerd-destination-6f94bbc784-2ghb8,sp-validator,119399n,20276Ki
2025-04-11T04:38:23Z,linkerd,linkerd-identity-7dfb4f8788-28w6h,identity,367466n,17488Ki
2025-04-11T04:38:23Z,linkerd,linkerd-identity-7dfb4f8788-28w6h,linkerd-proxy,439131n,11996Ki
2025-04-11T04:38:23Z,linkerd,linkerd-proxy-injector-77db5c45cc-r44n7,proxy-injector,205162n,24932Ki
2025-04-11T04:38:23Z,linkerd,linkerd-proxy-injector-77db5c45cc-r44n7,linkerd-proxy,381754n,11788Ki
2025-04-11T04:38:23Z,service-mesh-benchmark,fortio-client-cc4d5bfd8-9b772,linkerd-proxy,921055716n,22900Ki
2025-04-11T04:38:23Z,service-mesh-benchmark,fortio-server-57d7fc86d-gk69s,linkerd-proxy,732966349n,23820Ki
2025-04-11T04:38:24Z,linkerd,linkerd-destination-6f94bbc784-2ghb8,destination,1299102n,24544Ki
2025-04-11T04:38:24Z,linkerd,linkerd-destination-6f94bbc784-2ghb8,policy,289323n,4936Ki
2025-04-11T04:38:24Z,linkerd,linkerd-destination-6f94bbc784-2ghb8,linkerd-proxy,751101n,14392Ki
2025-04-11T04:38:24Z,linkerd,linkerd-destination-6f94bbc784-2ghb8,sp-validator,119399n,20276Ki
2025-04-11T04:38:24Z,linkerd,linkerd-identity-7dfb4f8788-28w6h,identity,367466n,17488Ki
2025-04-11T04:38:24Z,linkerd,linkerd-identity-7dfb4f8788-28w6h,linkerd-proxy,425828n,11996Ki
2025-04-11T04:38:24Z,linkerd,linkerd-proxy-injector-77db5c45cc-r44n7,proxy-injector,205162n,24932Ki
2025-04-11T04:38:24Z,linkerd,linkerd-proxy-injector-77db5c45cc-r44n7,linkerd-proxy,381754n,11788Ki
2025-04-11T04:38:24Z,service-mesh-benchmark,fortio-client-cc4d5bfd8-9b772,linkerd-proxy,919812127n,22688Ki
2025-04-11T04:38:24Z,service-mesh-benchmark,fortio-server-57d7fc86d-gk69s,linkerd-proxy,732966349n,23820Ki
2025-04-11T04:38:26Z,linkerd,linkerd-destination-6f94bbc784-2ghb8,destination,1299102n,24544Ki
2025-04-11T04:38:26Z,linkerd,linkerd-destination-6f94bbc784-2ghb8,policy,289323n,4936Ki
2025-04-11T04:38:26Z,linkerd,linkerd-destination-6f94bbc784-2ghb8,linkerd-proxy,751101n,14392Ki
2025-04-11T04:38:26Z,linkerd,linkerd-destination-6f94bbc784-2ghb8,sp-validator,119399n,20276Ki
2025-04-11T04:38:26Z,linkerd,linkerd-identity-7dfb4f8788-28w6h,identity,367466n,17488Ki
2025-04-11T04:38:26Z,linkerd,linkerd-identity-7dfb4f8788-28w6h,linkerd-proxy,425828n,11996Ki
2025-04-11T04:38:26Z,linkerd,linkerd-proxy-injector-77db5c45cc-r44n7,proxy-injector,205162n,24932Ki
2025-04-11T04:38:26Z,linkerd,linkerd-proxy-injector-77db5c45cc-r44n7,linkerd-proxy,381754n,11788Ki
2025-04-11T04:38:26Z,service-mesh-benchmark,fortio-client-cc4d5bfd8-9b772,linkerd-proxy,919812127n,22688Ki
2025-04-11T04:38:26Z,service-mesh-benchmark,fortio-server-57d7fc86d-gk69s,linkerd-proxy,732966349n,23820Ki
2025-04-11T04:38:28Z,linkerd,linkerd-destination-6f94bbc784-2ghb8,destination,1299102n,24544Ki
2025-04-11T04:38:28Z,linkerd,linkerd-destination-6f94bbc784-2ghb8,policy,289323n,4936Ki
2025-04-11T04:38:28Z,linkerd,linkerd-destination-6f94bbc784-2ghb8,linkerd-proxy,751101n,14392Ki
2025-04-11T04:38:28Z,linkerd,linkerd-destination-6f94bbc784-2ghb8,sp-validator,119399n,20276Ki
2025-04-11T04:38:28Z,linkerd,linkerd-identity-7dfb4f8788-28w6h,identity,367466n,17488Ki
2025-04-11T04:38:28Z,linkerd,linkerd-identity-7dfb4f8788-28w6h,linkerd-proxy,439131n,11996Ki
2025-04-11T04:38:28Z,linkerd,linkerd-proxy-injector-77db5c45cc-r44n7,proxy-injector,205162n,24932Ki
2025-04-11T04:38:28Z,linkerd,linkerd-proxy-injector-77db5c45cc-r44n7,linkerd-proxy,381754n,11788Ki
2025-04-11T04:38:28Z,service-mesh-benchmark,fortio-client-cc4d5bfd8-9b772,linkerd-proxy,921055716n,22900Ki
2025-04-11T04:38:28Z,service-mesh-benchmark,fortio-server-57d7fc86d-gk69s,linkerd-proxy,732966349n,23820Ki
2025-04-11T04:38:29Z,linkerd,linkerd-destination-6f94bbc784-2ghb8,destination,1299102n,24544Ki
2025-04-11T04:38:29Z,linkerd,linkerd-destination-6f94bbc784-2ghb8,policy,289323n,4936Ki
2025-04-11T04:38:29Z,linkerd,linkerd-destination-6f94bbc784-2ghb8,linkerd-proxy,751101n,14392Ki
2025-04-11T04:38:29Z,linkerd,linkerd-destination-6f94bbc784-2ghb8,sp-validator,119399n,20276Ki
2025-04-11T04:38:29Z,linkerd,linkerd-identity-7dfb4f8788-28w6h,identity,367466n,17488Ki
2025-04-11T04:38:29Z,linkerd,linkerd-identity-7dfb4f8788-28w6h,linkerd-proxy,439131n,11996Ki
2025-04-11T04:38:29Z,linkerd,linkerd-proxy-injector-77db5c45cc-r44n7,proxy-injector,205162n,24932Ki
2025-04-11T04:38:29Z,linkerd,linkerd-proxy-injector-77db5c45cc-r44n7,linkerd-proxy,381754n,11788Ki
2025-04-11T04:38:29Z,service-mesh-benchmark,fortio-client-cc4d5bfd8-9b772,linkerd-proxy,921055716n,22900Ki
2025-04-11T04:38:29Z,service-mesh-benchmark,fortio-server-57d7fc86d-gk69s,linkerd-proxy,732966349n,23820Ki
2025-04-11T04:38:31Z,linkerd,linkerd-destination-6f94bbc784-2ghb8,destination,1299102n,24544Ki
2025-04-11T04:38:31Z,linkerd,linkerd-destination-6f94bbc784-2ghb8,policy,289323n,4936Ki
2025-04-11T04:38:31Z,linkerd,linkerd-destination-6f94bbc784-2ghb8,linkerd-proxy,751101n,14392Ki
2025-04-11T04:38:31Z,linkerd,linkerd-destination-6f94bbc784-2ghb8,sp-validator,119399n,20276Ki
2025-04-11T04:38:31Z,linkerd,linkerd-identity-7dfb4f8788-28w6h,identity,367466n,17488Ki
2025-04-11T04:38:31Z,linkerd,linkerd-identity-7dfb4f8788-28w6h,linkerd-proxy,425828n,11996Ki
2025-04-11T04:38:31Z,linkerd,linkerd-proxy-injector-77db5c45cc-r44n7,proxy-injector,205162n,24932Ki
2025-04-11T04:38:31Z,linkerd,linkerd-proxy-injector-77db5c45cc-r44n7,linkerd-proxy,381754n,11788Ki
2025-04-11T04:38:31Z,service-mesh-benchmark,fortio-client-cc4d5bfd8-9b772,linkerd-proxy,919812127n,22688Ki
2025-04-11T04:38:31Z,service-mesh-benchmark,fortio-server-57d7fc86d-gk69s,linkerd-proxy,732966349n,23820Ki
2025-04-11T04:38:33Z,linkerd,linkerd-destination-6f94bbc784-2ghb8,destination,1299102n,24544Ki
2025-04-11T04:38:33Z,linkerd,linkerd-destination-6f94bbc784-2ghb8,policy,289323n,4936Ki
2025-04-11T04:38:33Z,linkerd,linkerd-destination-6f94bbc784-2ghb8,linkerd-proxy,751101n,14392Ki
2025-04-11T04:38:33Z,linkerd,linkerd-destination-6f94bbc784-2ghb8,sp-validator,119399n,20276Ki
2025-04-11T04:38:33Z,linkerd,linkerd-identity-7dfb4f8788-28w6h,identity,367466n,17488Ki
2025-04-11T04:38:33Z,linkerd,linkerd-identity-7dfb4f8788-28w6h,linkerd-proxy,439131n,11996Ki
2025-04-11T04:38:33Z,linkerd,linkerd-proxy-injector-77db5c45cc-r44n7,proxy-injector,205162n,24932Ki
2025-04-11T04:38:33Z,linkerd,linkerd-proxy-injector-77db5c45cc-r44n7,linkerd-proxy,381754n,11788Ki
2025-04-11T04:38:33Z,service-mesh-benchmark,fortio-client-cc4d5bfd8-9b772,linkerd-proxy,921055716n,22900Ki
2025-04-11T04:38:33Z,service-mesh-benchmark,fortio-server-57d7fc86d-gk69s,linkerd-proxy,732966349n,23820Ki
2025-04-11T04:38:34Z,linkerd,linkerd-destination-6f94bbc784-2ghb8,destination,1299102n,24544Ki
2025-04-11T04:38:34Z,linkerd,linkerd-destination-6f94bbc784-2ghb8,policy,289323n,4936Ki
2025-04-11T04:38:34Z,linkerd,linkerd-destination-6f94bbc784-2ghb8,linkerd-proxy,751101n,14392Ki
2025-04-11T04:38:34Z,linkerd,linkerd-destination-6f94bbc784-2ghb8,sp-validator,119399n,20276Ki
2025-04-11T04:38:34Z,linkerd,linkerd-identity-7dfb4f8788-28w6h,identity,367466n,17488Ki
2025-04-11T04:38:34Z,linkerd,linkerd-identity-7dfb4f8788-28w6h,linkerd-proxy,439131n,11996Ki
2025-04-11T04:38:34Z,linkerd,linkerd-proxy-injector-77db5c45cc-r44n7,proxy-injector,205162n,24932Ki
2025-04-11T04:38:34Z,linkerd,linkerd-proxy-injector-77db5c45cc-r44n7,linkerd-proxy,381754n,11788Ki
2025-04-11T04:38:34Z,service-mesh-benchmark,fortio-client-cc4d5bfd8-9b772,linkerd-proxy,921055716n,22900Ki
2025-04-11T04:38:34Z,service-mesh-benchmark,fortio-server-57d7fc86d-gk69s,linkerd-proxy,732966349n,23820Ki
2025-04-11T04:38:36Z,linkerd,linkerd-destination-6f94bbc784-2ghb8,destination,1299102n,24544Ki
2025-04-11T04:38:36Z,linkerd,linkerd-destination-6f94bbc784-2ghb8,policy,289323n,4936Ki
